Datetime,transaction_count,dr_amount,cr_amount,total_amount,hour,dow,is_weekend,hour_sin,hour_cos,dow_sin,dow_cos,dr_cr_imbalance,tc_lag1,tc_diff1,tc_roll_mean_24,tc_roll_std_24,tc_wow_diff,amt_roll_std_24,seasonal_baseline,residual,residual_roll_std,seasonal_z,z_flag,ewma,ewma_limit,ewma_flag,cusum_up,cusum_dn,cusum_threshold,cusum_warn_level,sb_flag,sb_pre_alarm,if_score,if_threshold,if_flag,lof_score,lof_threshold,lof_flag,votes,is_anomaly,combined_score,building_stress,status,cum_confirmed_anomalies,cum_building_stress
2025-01-10 15:00:00,161,65552.0,79518.0,145070.0,15,4,0,-0.7071067811865471,-0.7071067811865479,-0.433883739117558,-0.9009688679024191,-0.09627010222580668,79.0,82.0,50.375,62.89661116190741,-1.0,64845.092083272146,138.0,23.0,10.08625118057369,2.2803318684248546,False,10.010458121623298,10.08625118057369,False,4.34215843675407,0.0,6.0,3.5999999999999996,False,True,,,False,,,False,0,False,0.41712405694365445,True,Building Stress,0,1
2025-01-10 16:00:00,202,98111.0,109215.0,207326.0,16,4,0,-0.8660254037844385,-0.5000000000000004,-0.433883739117558,-0.9009688679024191,-0.05355790610967216,161.0,41.0,51.833333333333336,65.09368944680507,-38.0,66136.80832918243,190.0,12.0,10.49531913332403,1.1433668521711178,False,10.408366497298639,10.49531913332403,False,4.985525288925188,0.0,6.0,3.5999999999999996,False,True,,,False,,,False,0,False,0.37910966242327565,True,Building Stress,0,2
2025-01-10 17:00:00,245,135807.0,133072.0,268879.0,17,4,0,-0.9659258262890683,-0.25881904510252063,-0.433883739117558,-0.9009688679024191,0.01017182386194585,202.0,43.0,53.25,68.0353169157467,-20.0,69614.81362030278,230.0,15.0,10.555684533062669,1.4210352680602363,False,11.326693197838912,10.555684533062669,True,5.906560556985424,0.0,6.0,3.5999999999999996,False,True,,,False,,,False,1,False,0.3896080108080004,True,Building Stress,0,3
2025-01-10 18:00:00,40,18738.0,19943.0,38681.0,18,4,0,-1.0,-1.8369701987210297e-16,-0.433883739117558,-0.9009688679024191,-0.03115143994622822,245.0,-205.0,54.125,70.42005180097622,-3.0,72798.34590630367,39.0,1.0,10.674711964473586,0.09367934266780135,False,9.26135455827113,10.674711964473586,False,5.500239899653225,0.0,6.0,3.5999999999999996,False,True,,,False,,,False,0,False,0.325502454379762,True,Building Stress,0,4
2025-01-10 19:00:00,0,0.0,0.0,0.0,19,4,0,-0.9659258262890684,0.2588190451025203,-0.433883739117558,-0.9009688679024191,0.0,40.0,-40.0,54.208333333333336,70.4013211132629,0.0,72732.11855481054,0.0,0.0,10.597856554318275,0.0,False,7.409083646616904,10.597856554318275,False,5.000239899653225,0.0,6.0,3.5999999999999996,False,True,,,False,,,False,0,False,0.29710689713641114,True,Building Stress,0,5
2025-01-10 20:00:00,0,0.0,0.0,0.0,20,4,0,-0.8660254037844386,0.5000000000000001,-0.433883739117558,-0.9009688679024191,0.0,0.0,0.0,54.208333333333336,70.4013211132629,0.0,72732.11855481054,0.0,0.0,10.519920795243252,0.0,False,5.927266917293523,10.519920795243252,False,4.500239899653225,0.0,6.0,3.5999999999999996,False,True,,,False,,,False,0,False,0.2767550669781092,True,Building Stress,0,6
2025-01-10 21:00:00,0,0.0,0.0,0.0,21,4,0,-0.7071067811865477,0.7071067811865474,-0.433883739117558,-0.9009688679024191,0.0,0.0,0.0,54.208333333333336,70.4013211132629,0.0,72732.11855481054,0.0,0.0,10.44367938253484,0.0,False,4.741813533834819,10.44367938253484,False,4.000239899653225,0.0,6.0,3.5999999999999996,False,True,,,False,,,False,0,False,0.26034567082664195,True,Building Stress,0,7
2025-01-13 11:00:00,124,60662.0,48691.0,109353.0,11,0,0,0.258819045102521,-0.9659258262890682,0.0,1.0,0.10947016112807945,140.0,-16.0,15.25,36.36918188940119,17.0,39775.55104091828,98.0,26.0,10.151265574847521,2.5612569987748093,False,12.471684650757183,10.151265574847521,True,5.382884333743906,0.0,6.0,3.5999999999999996,False,True,,,False,,,False,1,False,0.42761540183181945,True,Building Stress,0,8
2025-01-13 14:00:00,104,44716.0,46581.0,91297.0,14,0,0,-0.4999999999999997,-0.8660254037844388,0.0,1.0,-0.020427610681504525,76.0,28.0,26.75,44.603811496328426,9.0,45614.34212861221,74.0,30.0,10.7100081683349,2.801118311813962,False,17.409502541187678,10.7100081683349,True,3.7954469153235095,0.0,6.0,3.5999999999999996,False,True,,,False,,,False,1,False,0.4356107789331246,True,Building Stress,0,9
2025-01-13 15:00:00,170,86682.0,84464.0,171146.0,15,0,0,-0.7071067811865471,-0.7071067811865479,0.0,1.0,0.01295961950837584,104.0,66.0,31.083333333333332,46.88553746293633,1.0,47080.58505785047,146.0,24.0,11.115376308691841,2.1591711637538378,False,18.727602032950145,11.115376308691841,True,5.454618079077347,0.0,6.0,3.5999999999999996,False,True,,,False,,,False,1,False,0.4142125406644538,True,Building Stress,0,10
2025-01-14 16:00:00,184,94955.0,89215.0,184170.0,16,1,0,-0.8660254037844385,-0.5000000000000004,0.7818314824680298,0.6234898018587336,0.031166687480656565,116.0,68.0,52.625,77.30561175422942,-20.0,73543.2573062286,203.0,-19.0,13.166784777014522,-1.4430250301629157,False,-12.777708956801483,13.166784777014522,False,0.0,4.077414951826131,6.0,3.5999999999999996,False,True,,,False,,,False,0,False,0.385908533294943,True,Building Stress,1,11
2025-01-14 17:00:00,227,115202.0,127815.0,243017.0,17,1,0,-0.9659258262890683,-0.25881904510252063,0.7818314824680298,0.6234898018587336,-0.051901505238295106,184.0,43.0,49.5,69.74674684637395,6.0,68550.18429238486,238.5,-11.5,13.239834614028483,-0.8685909103286673,False,-12.522167165441187,13.239834614028483,False,0.0,4.446005862154799,6.0,3.5999999999999996,False,True,,,False,,,False,0,False,0.36306242380776665,True,Building Stress,1,12
2025-01-14 18:00:00,32,17705.0,16930.0,34635.0,18,1,0,-1.0,-1.8369701987210297e-16,0.7818314824680298,0.6234898018587336,0.022375562998036724,227.0,-195.0,47.166666666666664,62.1146672216633,-5.0,64119.718735637936,40.0,-8.0,13.230118618462699,-0.6046808974815961,False,-11.617733732352951,13.230118618462699,False,0.0,4.5506867596363945,6.0,3.5999999999999996,False,True,,,False,,,False,0,False,0.34411535458003023,True,Building Stress,1,13
2025-01-14 19:00:00,0,0.0,0.0,0.0,19,1,0,-0.9659258262890684,0.2588190451025203,0.7818314824680298,0.6234898018587336,0.0,32.0,-32.0,46.541666666666664,62.19183447497203,0.0,64174.93653693728,0.0,0.0,13.196012445806131,0.0,False,-9.29418698588236,13.196012445806131,False,0.0,4.0506867596363945,6.0,3.5999999999999996,False,True,,,False,,,False,0,False,0.297887844578418,True,Building Stress,1,14
2025-01-17 13:00:00,72,34576.0,31649.0,66225.0,13,4,0,-0.2588190451025208,-0.9659258262890683,-0.433883739117558,-0.9009688679024191,0.04419714311599674,76.0,-4.0,52.041666666666664,65.64428460611995,8.0,69653.91045375701,58.0,14.0,11.796233961144242,1.1868194583215939,False,9.051879681189952,11.796233961144242,False,3.6104420893588145,0.0,6.0,3.5999999999999996,False,True,,,False,,,False,0,False,0.3469038200788539,True,Building Stress,1,15
2025-01-17 14:00:00,86,37111.0,52689.0,89800.0,14,4,0,-0.4999999999999997,-0.8660254037844388,-0.433883739117558,-0.9009688679024191,-0.17347245576329884,72.0,14.0,53.083333333333336,65.75905734717011,7.0,69696.96540956812,72.0,14.0,11.808856521446943,1.1855508596089348,False,10.041503744951962,11.808856521446943,False,4.295992948967749,0.0,6.0,3.5999999999999996,False,True,,,False,,,False,0,False,0.3593090312040847,True,Building Stress,1,16
2025-01-17 15:00:00,157,61360.0,86028.0,147388.0,15,4,0,-0.7071067811865471,-0.7071067811865479,-0.433883739117558,-0.9009688679024191,-0.16736662844581346,86.0,71.0,52.875,65.64152483457936,-4.0,69938.33116784727,137.0,20.0,11.820836704223524,1.6919276105771857,False,12.03320299596157,11.820836704223524,True,5.487920559544935,0.0,6.0,3.5999999999999996,False,True,,,False,,,False,1,False,0.3986377555585654,True,Building Stress,1,17
2025-01-17 16:00:00,200,104095.0,99978.0,204073.0,16,4,0,-0.8660254037844385,-0.5000000000000004,-0.433883739117558,-0.9009688679024191,0.02017405450963866,157.0,43.0,54.416666666666664,67.68913384421249,-2.0,71022.36109201905,192.5,7.5,11.878353086017988,0.6314006618331839,False,11.126562396769257,11.878353086017988,False,5.619321221378119,0.0,6.0,3.5999999999999996,False,True,,,False,,,False,0,False,0.3537932344920651,True,Building Stress,1,18
2025-01-20 11:00:00,120,61862.0,53866.0,115728.0,11,0,0,0.258819045102521,-0.9659258262890682,0.0,1.0,0.06909244873799998,123.0,-3.0,14.708333333333334,34.021066576674116,-4.0,35861.37435915607,94.0,26.0,10.44432173832773,2.489390948632624,False,9.029509454048124,10.44432173832773,False,3.8778048452372573,0.0,6.0,3.5999999999999996,False,True,0.6069479404937379,0.5979581359170879,True,-0.24826908219465205,-0.04349460789665832,False,1,False,0.5989665267486125,True,Building Stress,1,19
2025-01-20 12:00:00,81,36087.0,47534.0,83621.0,12,0,0,1.2246467991473532e-16,-1.0,0.0,1.0,-0.1368898136853938,120.0,-39.0,19.708333333333332,40.049403368151786,5.0,41124.85735740206,68.0,13.0,10.546430597574675,1.232644531220787,False,9.8236075632385,10.546430597574675,False,4.610449376458044,0.0,6.0,3.5999999999999996,False,True,0.5911629507926303,0.5979581359170879,False,-0.33681214426881967,-0.04349460789665832,False,0,False,0.5486914631681457,True,Building Stress,1,20
2025-01-20 14:00:00,94,37595.0,43243.0,80838.0,14,0,0,-0.4999999999999997,-0.8660254037844388,0.0,1.0,-0.06986726703694998,56.0,38.0,25.416666666666668,41.91390416459484,-10.0,43990.34871717953,74.5,19.5,10.540469191271871,1.850012522796153,False,9.307108840472642,10.540469191271871,False,4.939345027947663,0.0,6.0,3.5999999999999996,False,True,0.5579606316588572,0.5979581359170879,False,-0.37739365906407696,-0.04349460789665832,False,0,False,0.535032901750238,True,Building Stress,1,21
2025-01-20 15:00:00,161,78784.0,79722.0,158506.0,15,0,0,-0.7071067811865471,-0.7071067811865479,0.0,1.0,-0.005917719722157381,94.0,67.0,29.333333333333332,43.78571006386789,-9.0,44935.477204619565,146.5,14.5,10.585807001153881,1.3697585832066899,False,10.345687072378114,10.585807001153881,False,5.809103611154353,0.0,6.0,3.5999999999999996,False,True,0.5736320599455471,0.5979581359170879,False,-0.3486082442323719,-0.04349460789665832,False,0,False,0.5506831064209139,True,Building Stress,1,22
2025-01-21 15:00:00,134,57118.0,69437.0,126555.0,15,1,0,-0.7071067811865471,-0.7071067811865479,0.7818314824680298,0.6234898018587336,-0.09734030784790923,79.0,55.0,53.0,74.5024073144766,18.0,79834.70716504584,152.0,-18.0,10.740295877918875,-1.6759314831359955,False,-9.781370254546147,10.740295877918875,False,0.0,4.212650526508579,6.0,3.5999999999999996,False,True,0.5300246394563684,0.5913811013431046,False,-0.4118987314673892,-0.11922948912290693,False,0,False,0.5039887896854828,True,Building Stress,3,23
2025-01-21 16:00:00,180,91884.0,91271.0,183155.0,16,1,0,-0.8660254037844385,-0.5000000000000004,0.7818314824680298,0.6234898018587336,0.0033468737032911833,134.0,46.0,51.875,72.98916685550584,-4.0,78291.35556979787,197.0,-17.0,10.779156153116618,-1.5771178892407756,False,-11.225096203636918,10.779156153116618,True,0.0,5.2897684157493545,6.0,3.5999999999999996,False,True,0.5424260891220979,0.5913811013431046,False,-0.41018284796941207,-0.11922948912290693,False,1,False,0.5221164764578385,True,Building Stress,3,24
2025-01-21 17:00:00,240,114335.0,134243.0,248578.0,17,1,0,-0.9659258262890683,-0.25881904510252063,0.7818314824680298,0.6234898018587336,-0.08008721573423339,180.0,60.0,49.833333333333336,68.35754254790328,13.0,74500.70415521713,245.0,-5.0,10.811221845545223,-0.4624824160888213,False,-9.980076962909534,10.811221845545223,False,0.0,5.252250831838176,6.0,3.5999999999999996,False,True,0.5802952423858477,0.5913811013431046,False,-0.2555210927625742,-0.11922948912290693,False,0,False,0.5315295148191999,True,Building Stress,3,25
2025-01-22 17:00:00,222,111141.0,124606.0,235747.0,17,2,0,-0.9659258262890683,-0.25881904510252063,0.9749279121818236,-0.22252093395631434,-0.05711607309499975,202.0,20.0,49.833333333333336,67.5822633450566,-23.0,66057.69151652783,245.0,-23.0,10.741795633196837,-2.1411690173028393,False,-10.09416246038866,10.741795633196837,False,0.0,4.111555128493423,6.0,3.5999999999999996,False,True,0.5687657436754135,0.5884715648981675,False,-0.2678337855097659,-0.09890260582681516,False,0,False,0.5823895179726275,True,Building Stress,4,26
2025-01-23 17:00:00,215,112237.0,105962.0,218199.0,17,3,0,-0.9659258262890683,-0.25881904510252063,0.43388373911755823,-0.900968867902419,0.028758020164986253,193.0,22.0,49.208333333333336,64.60716016764347,-7.0,63922.05395872801,242.5,-27.5,10.603192276301371,-2.593558551367948,False,-10.984321857137637,10.603192276301371,True,0.0,4.945415836187324,6.0,3.5999999999999996,False,True,0.5415581491994221,0.583142887320616,False,-0.34599277371928694,-0.10606539761533934,False,1,False,0.5776738618246245,True,Building Stress,4,27
2025-01-23 18:00:00,33,15005.0,20854.0,35859.0,18,3,0,-1.0,-1.8369701987210297e-16,0.43388373911755823,-0.900968867902419,-0.16310652537646403,215.0,-182.0,48.916666666666664,63.80399106139302,-8.0,61753.46485894653,40.0,-7.0,10.695423696786872,-0.654485525627465,False,-10.18745748571011,10.695423696786872,False,0.0,5.09990136181479,6.0,3.5999999999999996,False,True,0.5668421968231231,0.583142887320616,False,0.1333231303671154,-0.10606539761533934,True,1,False,0.5823653366044171,True,Building Stress,4,28
2025-01-23 19:00:00,0,0.0,0.0,0.0,19,3,0,-0.9659258262890684,0.2588190451025203,0.43388373911755823,-0.900968867902419,0.0,33.0,-33.0,48.416666666666664,63.882988595431726,0.0,61777.60290856729,0.0,0.0,10.68614101601479,0.0,False,-8.14996598856809,10.68614101601479,False,0.0,4.59990136181479,6.0,3.5999999999999996,False,True,0.44284863803987434,0.583142887320616,False,-0.4068987394991248,-0.10606539761533934,False,0,False,0.30616033388040836,True,Building Stress,4,29
2025-01-23 20:00:00,0,0.0,0.0,0.0,20,3,0,-0.8660254037844386,0.5000000000000001,0.43388373911755823,-0.900968867902419,0.0,0.0,0.0,48.416666666666664,63.882988595431726,0.0,61777.60290856729,0.0,0.0,10.669986644969239,0.0,False,-6.519972790854472,10.669986644969239,False,0.0,4.09990136181479,6.0,3.5999999999999996,False,True,0.4173894995247271,0.583142887320616,False,-0.4746870029966739,-0.10606539761533934,False,0,False,0.21686926297936934,True,Building Stress,4,30
2025-01-27 12:00:00,84,34948.0,40643.0,75591.0,12,0,0,1.2246467991473532e-16,-1.0,0.0,1.0,-0.07533866017567997,113.0,-29.0,19.625,41.194989670019865,3.0,37301.40668169193,67.0,17.0,10.002867528402625,1.6995126599177066,False,10.100623583380937,10.002867528402625,True,4.626272173396583,0.0,6.0,3.5999999999999996,False,True,0.5627802334357664,0.599848698348907,False,-0.40022368191324564,-0.09942966714502342,False,1,False,0.5399369388511895,True,Building Stress,5,31
2025-01-27 16:00:00,216,114210.0,133603.0,247813.0,16,0,0,-0.8660254037844385,-0.5000000000000004,0.0,1.0,-0.07825627284979864,165.0,51.0,36.916666666666664,52.648891698700076,-13.0,50238.27926181794,193.5,22.5,10.105113993274632,2.226595366957233,False,15.654815419752834,10.105113993274632,True,4.059835619513876,0.0,6.0,3.5999999999999996,False,True,0.5983835561184465,0.599848698348907,False,-0.3632515744726179,-0.09942966714502342,False,1,False,0.5877732163517579,True,Building Stress,5,32
2025-01-27 17:00:00,254,122897.0,129837.0,252734.0,17,0,0,-0.9659258262890683,-0.25881904510252063,0.0,1.0,-0.027459592062832612,216.0,38.0,45.916666666666664,63.4232961359911,-10.0,65678.15670327707,237.5,16.5,10.149310950187504,1.6257261286979459,False,15.823852335802268,10.149310950187504,True,5.185561748211822,0.0,6.0,3.5999999999999996,False,True,0.573846143750606,0.599848698348907,False,-0.3313509687900691,-0.09942966714502342,False,1,False,0.5655672754509802,True,Building Stress,5,33
2025-01-27 18:00:00,43,20752.0,21190.0,41942.0,18,0,0,-1.0,-1.8369701987210297e-16,0.0,1.0,-0.01044274372362492,254.0,-211.0,56.5,75.47530549213057,-5.0,77225.6033331699,38.0,5.0,10.166669677337124,0.4918031330501151,False,13.659081868641815,10.166669677337124,True,5.177364881261937,0.0,6.0,3.5999999999999996,False,True,0.5939125411705861,0.599848698348907,False,0.365402045103145,-0.09942966714502342,True,2,False,0.6010844490042921,True,Building Stress,5,34
2025-01-27 19:00:00,0,0.0,0.0,0.0,19,0,0,-0.9659258262890684,0.2588190451025203,0.0,1.0,0.0,43.0,-43.0,58.291666666666664,74.58084563902374,0.0,76360.08308208246,0.0,0.0,10.156945744410564,0.0,False,10.927265494913453,10.156945744410564,True,4.677364881261937,0.0,6.0,3.5999999999999996,False,True,0.5010338587200793,0.599848698348907,False,-0.2474792287713976,-0.09942966714502342,False,1,False,0.48045411985018727,True,Building Stress,5,35
2025-01-27 20:00:00,0,0.0,0.0,0.0,20,0,0,-0.8660254037844386,0.5000000000000001,0.0,1.0,0.0,0.0,0.0,58.291666666666664,74.58084563902374,0.0,76360.08308208246,0.0,0.0,10.14509058597596,0.0,False,8.741812395930763,10.14509058597596,False,4.177364881261937,0.0,6.0,3.5999999999999996,False,True,0.4613937511777749,0.599848698348907,False,-0.32961954385200176,-0.09942966714502342,False,0,False,0.367969091548052,True,Building Stress,5,36
2025-01-27 21:00:00,0,0.0,0.0,0.0,21,0,0,-0.7071067811865477,0.7071067811865474,0.0,1.0,0.0,0.0,0.0,58.291666666666664,74.58084563902374,0.0,76360.08308208246,0.0,0.0,10.133276842486694,0.0,False,6.993449916744611,10.133276842486694,False,3.677364881261937,0.0,6.0,3.5999999999999996,False,True,0.45849868933365834,0.599848698348907,False,-0.36838803747066073,-0.09942966714502342,False,0,False,0.3278900172214478,True,Building Stress,5,37
2025-01-28 12:00:00,103,47400.0,54480.0,101880.0,12,1,0,1.2246467991473532e-16,-1.0,0.7818314824680298,0.6234898018587336,-0.06949283968551545,124.0,-21.0,61.75,76.32097552015321,44.0,79483.5457913018,72.5,30.5,10.281589124708841,2.966467501283632,False,20.337535344055354,10.281589124708841,True,5.007818774443339,0.0,6.0,3.5999999999999996,False,True,0.5628878908144936,0.5838632089086466,False,0.05169628754502642,-0.10018869398204501,True,2,False,0.6634655833761212,True,Building Stress,7,38
2025-01-29 10:00:00,164,81234.0,75070.0,156304.0,10,2,0,0.49999999999999994,-0.8660254037844387,0.9749279121818236,-0.22252093395631434,0.03943571862704328,122.0,42.0,69.25,92.16679115226019,28.0,91681.11207920479,133.5,30.5,11.93756606939102,2.554959681287521,False,13.092491718698234,11.93756606939102,True,4.002568069071279,0.0,6.0,3.5999999999999996,False,True,0.5980960163050918,0.582099898438371,True,-0.2654697905146415,0.18267867322612946,False,2,False,0.6176091429343031,True,Building Stress,12,39
2025-01-29 14:00:00,112,47199.0,59116.0,106315.0,14,2,0,-0.4999999999999997,-0.8660254037844388,0.9749279121818236,-0.22252093395631434,-0.11209037209827308,78.0,34.0,69.08333333333333,92.42196081332462,37.0,91534.04992028805,85.5,26.5,12.1012787971007,2.1898512086465636,False,19.3250846079788,12.1012787971007,True,3.833991955952423,0.0,6.0,3.5999999999999996,False,True,0.5671725022824772,0.582099898438371,False,-0.2938940641940788,0.18267867322612946,False,1,False,0.5879997219361588,True,Building Stress,13,40
2025-01-29 19:00:00,0,0.0,0.0,0.0,19,2,0,-0.9659258262890684,0.2588190451025203,0.9749279121818236,-0.22252093395631434,0.0,44.0,-44.0,70.95833333333333,94.98717495429106,0.0,88308.7248715255,0.0,0.0,13.2728132501427,0.0,False,30.3426837243425,13.2728132501427,True,5.028126676037709,0.0,6.0,3.5999999999999996,False,True,0.5370495839332131,0.582099898438371,False,-0.1991305873334508,0.18267867322612946,False,1,False,0.5076076779026217,True,Building Stress,17,41
2025-01-29 20:00:00,0,0.0,0.0,0.0,20,2,0,-0.8660254037844386,0.5000000000000001,0.9749279121818236,-0.22252093395631434,0.0,0.0,0.0,70.95833333333333,94.98717495429106,0.0,88308.7248715255,0.0,0.0,13.2728132501427,0.0,False,24.274146979474,13.2728132501427,True,4.528126676037709,0.0,6.0,3.5999999999999996,False,True,0.5080623310971615,0.582099898438371,False,-0.3112603407722101,0.18267867322612946,False,1,False,0.4786516853932585,True,Building Stress,17,42
2025-01-29 21:00:00,0,0.0,0.0,0.0,21,2,0,-0.7071067811865477,0.7071067811865474,0.9749279121818236,-0.22252093395631434,0.0,0.0,0.0,70.95833333333333,94.98717495429106,0.0,88308.7248715255,0.0,0.0,13.2728132501427,0.0,False,19.4193175835792,13.2728132501427,True,4.028126676037709,0.0,6.0,3.5999999999999996,False,True,0.5074751201949987,0.582099898438371,False,-0.33310908769687453,0.18267867322612946,False,1,False,0.47265917602996255,True,Building Stress,17,43
2025-01-30 12:00:00,107,47626.0,55733.0,103359.0,12,3,0,1.2246467991473532e-16,-1.0,0.43388373911755823,-0.900968867902419,-0.07843459752321981,146.0,-39.0,70.875,94.74052092081732,48.0,88172.20123933333,81.0,26.0,13.408936957192346,1.9390053128748588,False,17.07688209557185,13.408936957192346,True,5.50658869603026,0.0,6.0,3.5999999999999996,False,True,0.5832706507673768,0.5854538112780812,False,-0.19946189969472683,0.17916344170303292,False,1,False,0.5969602894553792,True,Building Stress,18,44
2025-01-30 13:00:00,65,34812.0,41984.0,76796.0,13,3,0,-0.2588190451025208,-0.9659258262890683,0.43388373911755823,-0.900968867902419,-0.09338906467700561,107.0,-42.0,71.29166666666667,94.88229741273574,10.0,88356.43378061123,58.5,6.5,13.45193641130539,0.48320180836843796,False,14.961505676457481,13.45193641130539,True,5.489790504398698,0.0,6.0,3.5999999999999996,False,True,0.5352015691970796,0.5854538112780812,False,-0.4924996693268673,0.17916344170303292,False,1,False,0.42582114642127,True,Building Stress,18,45
2025-01-31 09:00:00,142,57194.0,84977.0,142171.0,9,4,0,0.7071067811865476,-0.7071067811865475,-0.433883739117558,-0.9009688679024191,-0.1954182258109895,92.0,50.0,68.04166666666667,87.97305870532759,45.0,92369.30306528413,100.5,41.5,13.798988655408332,3.007466781540879,True,15.91226896624444,13.798988655408332,True,4.5594393099744694,0.0,6.0,3.5999999999999996,False,True,0.5798370690388365,0.5843584821233531,False,-0.25418945291053174,0.1444368567761425,False,2,False,0.6278706155644713,True,Building Stress,20,46
2025-01-31 12:00:00,102,43836.0,54082.0,97918.0,12,4,0,1.2246467991473532e-16,-1.0,-0.433883739117558,-0.9009688679024191,-0.10463750651048316,171.0,-69.0,73.29166666666667,93.0247648965477,21.0,94950.67573276506,82.5,19.5,14.580595063640947,1.3373939756839128,False,32.09508171071716,14.580595063640947,True,4.993366891351657,0.0,6.0,3.5999999999999996,False,True,0.5726385999972687,0.5843584821233531,False,-0.33033080727323405,0.1444368567761425,False,1,False,0.5551837317737334,True,Building Stress,22,47
2025-02-04 10:00:00,110,53287.0,68720.0,122007.0,10,1,0,0.49999999999999994,-0.8660254037844387,0.7818314824680298,0.6234898018587336,-0.12649170546193692,71.0,39.0,57.75,77.63641570473398,-45.0,81380.10569488857,145.0,-35.0,15.948722492662828,-2.1945331368140404,False,-17.12378071008664,15.948722492662828,True,0.0,4.8010667811289185,6.0,3.5999999999999996,False,True,0.49717516261842604,0.5768343809089498,False,-0.32742908532399917,0.09482853583998294,False,1,False,0.5365640259087826,True,Building Stress,26,48
2025-02-04 15:00:00,132,53825.0,64707.0,118532.0,15,1,0,-0.7071067811865471,-0.7071067811865479,0.7818314824680298,0.6234898018587336,-0.09180565749622469,81.0,51.0,54.541666666666664,75.93760548987724,-71.0,79794.17029916336,186.5,-54.5,16.149216941526348,-3.37477663451643,True,-24.41192046308119,16.149216941526348,True,0.0,4.327972059435452,6.0,3.5999999999999996,False,True,0.48436349783094934,0.5768343809089498,False,-0.06369302601485405,0.09482853583998294,False,2,False,0.5761629664688998,True,Building Stress,26,49
2025-02-05 12:00:00,55,32525.0,36957.0,69482.0,12,2,0,1.2246467991473532e-16,-1.0,0.9749279121818236,-0.22252093395631434,-0.06378538635349654,114.0,-59.0,50.583333333333336,66.14142730390012,-42.0,65313.276147083736,90.5,-35.5,16.714558191959483,-2.123896999986349,False,-16.746960555933075,16.714558191959483,True,0.0,4.170896092555671,6.0,3.5999999999999996,False,True,0.5009555841438875,0.5736213526396121,False,-0.3900169571436667,0.08595209827305052,False,1,False,0.5202113606737022,True,Building Stress,27,50
2025-02-05 13:00:00,53,25135.0,32163.0,57298.0,13,2,0,-0.2588190451025208,-0.9659258262890683,0.9749279121818236,-0.22252093395631434,-0.12265484563430426,55.0,-2.0,50.458333333333336,66.12963498453932,-25.0,65377.78457315482,73.5,-20.5,16.800041191528294,-1.2202351033720962,False,-17.497568444746463,16.800041191528294,True,0.0,4.891131195927767,6.0,3.5999999999999996,False,True,0.4644937238088026,0.5736213526396121,False,-0.4859131564858117,0.08595209827305052,False,1,False,0.3584881738577215,True,Building Stress,27,51
2025-02-05 14:00:00,76,37755.0,41213.0,78968.0,14,2,0,-0.4999999999999997,-0.8660254037844388,0.9749279121818236,-0.22252093395631434,-0.043789335055528116,53.0,23.0,49.708333333333336,65.98845693964486,-36.0,65381.50026396078,93.5,-17.5,16.83092387778962,-1.0397527864226934,False,-17.49805475579717,16.83092387778962,True,0.0,5.43088398235046,6.0,3.5999999999999996,False,True,0.4683313913732568,0.5736213526396121,False,-0.4543450676373799,0.08595209827305052,False,1,False,0.3896911977496703,True,Building Stress,27,52
2025-02-05 17:00:00,238,105102.0,139707.0,244809.0,17,2,0,-0.9659258262890683,-0.25881904510252063,0.9749279121818236,-0.22252093395631434,-0.14135451983170622,177.0,61.0,49.333333333333336,65.77740240133133,-87.0,65517.369813237805,289.0,-51.0,17.355427871575124,-2.938561951764281,False,-37.671004034968156,17.355427871575124,True,0.0,5.830371496030012,6.0,3.5999999999999996,False,True,0.5677771427252325,0.5736213526396121,False,-0.0461726191187295,0.08595209827305052,False,1,False,0.6255737879052513,True,Building Stress,29,53
2025-02-05 18:00:00,36,18045.0,18131.0,36176.0,18,2,0,-1.0,-1.8369701987210297e-16,0.9749279121818236,-0.22252093395631434,-0.00237720098405064,238.0,-202.0,49.041666666666664,64.8814833681997,-8.0,65987.87677567992,41.0,-5.0,17.51687221707236,-0.28543908627288384,False,-31.136803227974525,17.51687221707236,True,0.0,5.615810582302896,6.0,3.5999999999999996,False,True,0.5357209692199334,0.5736213526396121,False,0.1920045810454798,0.08595209827305052,True,2,False,0.5621831755349389,True,Building Stress,29,54
2025-02-05 19:00:00,0,0.0,0.0,0.0,19,2,0,-0.9659258262890684,0.2588190451025203,0.9749279121818236,-0.22252093395631434,0.0,36.0,-36.0,49.291666666666664,64.81644931226391,0.0,65978.84762611917,0.0,0.0,17.519361716821027,0.0,False,-24.909442582379622,17.519361716821027,True,0.0,5.115810582302896,6.0,3.5999999999999996,False,True,0.4454195132607412,0.5736213526396121,False,-0.42226661483976957,0.08595209827305052,False,1,False,0.33792134831460674,True,Building Stress,29,55
2025-02-05 20:00:00,0,0.0,0.0,0.0,20,2,0,-0.8660254037844386,0.5000000000000001,0.9749279121818236,-0.22252093395631434,0.0,0.0,0.0,49.291666666666664,64.81644931226391,0.0,65978.84762611917,0.0,0.0,17.519361716821027,0.0,False,-19.9275540659037,17.519361716821027,True,0.0,4.615810582302896,6.0,3.5999999999999996,False,True,0.41482298664991846,0.5736213526396121,False,-0.49245143169303995,0.08595209827305052,False,1,False,0.2556413857677903,True,Building Stress,29,56
2025-02-05 21:00:00,0,0.0,0.0,0.0,21,2,0,-0.7071067811865477,0.7071067811865474,0.9749279121818236,-0.22252093395631434,0.0,0.0,0.0,49.291666666666664,64.81644931226391,0.0,65978.84762611917,0.0,0.0,17.519361716821027,0.0,False,-15.94204325272296,17.519361716821027,False,0.0,4.115810582302896,6.0,3.5999999999999996,False,True,0.4159765274115039,0.5736213526396121,False,-0.5132372991468421,0.08595209827305052,False,0,False,0.22120948856327272,True,Building Stress,29,57
2025-02-05 22:00:00,0,0.0,0.0,0.0,22,2,0,-0.5000000000000004,0.8660254037844384,0.9749279121818236,-0.22252093395631434,0.0,0.0,0.0,49.291666666666664,64.81644931226391,0.0,65978.84762611917,0.0,0.0,17.519361716821027,0.0,False,-12.75363460217837,17.519361716821027,False,0.0,3.6158105823028963,6.0,3.5999999999999996,False,True,0.41760418445728387,0.5736213526396121,False,-0.5331809641666244,0.08595209827305052,False,0,False,0.17736084927758447,True,Building Stress,29,58
2025-02-06 13:00:00,38,23319.0,30330.0,53649.0,13,3,0,-0.2588190451025208,-0.9659258262890683,0.43388373911755823,-0.900968867902419,-0.1306803355079217,70.0,-32.0,49.875,65.45048742635785,-27.0,66150.43824494428,73.5,-35.5,17.63638737780424,-2.012883888266,False,-17.87548702532805,17.63638737780424,True,0.0,4.37646540928069,6.0,3.5999999999999996,False,True,0.46822638870884137,0.5731362727135058,False,-0.4996902698237129,0.05846266355737559,False,1,False,0.380930399271788,True,Building Stress,29,59
2025-02-06 14:00:00,75,36452.0,35411.0,71863.0,14,3,0,-0.4999999999999997,-0.8660254037844388,0.43388373911755823,-0.900968867902419,0.014485695202048314,38.0,37.0,49.25,65.49095523346186,-37.0,66135.75853921969,93.5,-18.5,17.700821493436145,-1.0451492325856293,False,-18.00038962026244,17.700821493436145,True,0.0,4.921614641866319,6.0,3.5999999999999996,False,True,0.4769291818462637,0.5731362727135058,False,-0.3512135162298007,0.05846266355737559,False,1,False,0.45944036767794794,True,Building Stress,29,60
2025-02-06 17:00:00,234,101395.0,107915.0,209310.0,17,3,0,-0.9659258262890683,-0.25881904510252063,0.43388373911755823,-0.900968867902419,-0.031149820124121524,184.0,50.0,48.916666666666664,65.44358118899501,-84.0,65420.14485177739,289.0,-55.0,18.149568473412465,-3.030375079196522,True,-38.56819948557437,18.149568473412465,True,0.0,5.345970806322784,6.0,3.5999999999999996,False,True,0.549848926851016,0.5731362727135058,False,-0.1808401534685531,0.05846266355737559,False,2,False,0.6167428397185358,True,Building Stress,30,61
2025-02-06 18:00:00,38,16856.0,16315.0,33171.0,18,3,0,-1.0,-1.8369701987210297e-16,0.43388373911755823,-0.900968867902419,0.016308935246593513,234.0,-196.0,48.75,64.94429050782847,-1.0,61049.9808944735,41.0,-3.0,18.311634590462138,-0.1638302678649229,False,-31.454559588459496,18.311634590462138,True,0.0,5.009801074187707,6.0,3.5999999999999996,False,True,0.533671528444756,0.5731362727135058,False,0.09567485642697182,0.05846266355737559,True,2,False,0.5545012711011155,True,Building Stress,30,62
2025-02-06 19:00:00,0,0.0,0.0,0.0,19,3,0,-0.9659258262890684,0.2588190451025203,0.43388373911755823,-0.900968867902419,0.0,38.0,-38.0,48.833333333333336,64.92850025164248,0.0,61076.80458379159,0.0,0.0,18.312929372625216,0.0,False,-25.1636476707676,18.312929372625216,True,0.0,4.509801074187707,6.0,3.5999999999999996,False,True,0.4487140389478807,0.5731362727135058,False,-0.39582876606582884,0.05846266355737559,False,1,False,0.3514044943820225,True,Building Stress,30,63
2025-02-06 20:00:00,0,0.0,0.0,0.0,20,3,0,-0.8660254037844386,0.5000000000000001,0.43388373911755823,-0.900968867902419,0.0,0.0,0.0,48.833333333333336,64.92850025164248,0.0,61076.80458379159,0.0,0.0,18.312929372625216,0.0,False,-20.13091813661408,18.312929372625216,True,0.0,4.009801074187707,6.0,3.5999999999999996,False,True,0.4186494918532552,0.5731362727135058,False,-0.4822514594196792,0.05846266355737559,False,1,False,0.27165262172284643,True,Building Stress,30,64
2025-02-11 17:00:00,222,105774.0,120816.0,226590.0,17,1,0,-0.9659258262890683,-0.25881904510252063,0.7818314824680298,0.6234898018587336,-0.0663839252220962,184.0,38.0,53.25,72.33632198460788,-23.0,71184.18500591633,259.0,-37.0,18.430081719022244,-2.0075874086771512,False,-18.60150963566197,18.430081719022244,True,0.0,4.635143041366316,6.0,3.5999999999999996,False,True,0.5295541025279108,0.579950502350661,False,-0.4136846741250426,0.03848968115964048,False,1,False,0.527078756319201,True,Building Stress,31,65
2025-02-11 18:00:00,26,13791.0,20713.0,34504.0,18,1,0,-1.0,-1.8369701987210297e-16,0.7818314824680298,0.6234898018587336,-0.20060860744819592,222.0,-196.0,50.5,63.771330617258165,-4.0,65416.3798553853,38.5,-12.5,18.506156981295508,-0.6754508790038886,False,-17.381207708529576,18.506156981295508,False,0.0,4.810593920370205,6.0,3.5999999999999996,False,True,0.5695046646628729,0.579950502350661,False,0.010280434274002603,0.03848968115964048,False,0,False,0.5813977899282232,True,Building Stress,31,66
2025-02-11 19:00:00,0,0.0,0.0,0.0,19,1,0,-0.9659258262890684,0.2588190451025203,0.7818314824680298,0.6234898018587336,0.0,26.0,-26.0,49.625,63.9652164308343,0.0,65469.07099567118,0.0,0.0,18.4975298576591,0.0,False,-13.904966166823662,18.4975298576591,False,0.0,4.310593920370205,6.0,3.5999999999999996,False,True,0.44967234899266684,0.579950502350661,False,-0.44146682807122173,0.03848968115964048,False,0,False,0.2948273128973057,True,Building Stress,31,67
2025-02-11 20:00:00,0,0.0,0.0,0.0,20,1,0,-0.8660254037844386,0.5000000000000001,0.7818314824680298,0.6234898018587336,0.0,0.0,0.0,49.625,63.9652164308343,0.0,65469.07099567118,0.0,0.0,18.4975298576591,0.0,False,-11.12397293345893,18.4975298576591,False,0.0,3.810593920370205,6.0,3.5999999999999996,False,True,0.42196643517148835,0.579950502350661,False,-0.48495930333316517,0.03848968115964048,False,0,False,0.2149255207298296,True,Building Stress,31,68
2025-02-17 17:00:00,296,140003.0,152456.0,292459.0,17,0,0,-0.9659258262890683,-0.25881904510252063,0.0,1.0,-0.042580181905217805,224.0,72.0,45.875,63.2134496558391,8.0,63226.07729731299,236.0,60.0,18.545606717052458,3.2352675712049224,True,23.7399617056463,18.545606717052458,True,5.08292555906244,0.0,6.0,3.5999999999999996,False,True,0.5755885835068413,0.5823048704010444,False,-0.3599922115897545,0.0010165896038473949,False,2,False,0.6141390688528982,True,Building Stress,31,69
2025-02-17 19:00:00,0,0.0,0.0,0.0,19,0,0,-0.9659258262890684,0.2588190451025203,0.0,1.0,0.0,35.0,-35.0,59.666666666666664,79.62229678254411,0.0,79141.48676176307,0.0,0.0,18.71810129114585,0.0,False,15.033575491613636,18.71810129114585,False,4.029503184627197,0.0,6.0,3.5999999999999996,False,True,0.4747276119276606,0.5823048704010444,False,-0.35708004855041375,0.0010165896038473949,False,0,False,0.3860166324836779,True,Building Stress,32,70
2025-02-24 14:00:00,104,41643.0,43940.0,85583.0,14,0,0,-0.4999999999999997,-0.8660254037844388,0.0,1.0,-0.0268391288091232,76.0,28.0,25.333333333333332,42.47420359482321,8.0,43292.06578042023,80.5,23.5,12.861624753315049,1.8271408512321072,False,10.910652927497626,12.861624753315049,False,3.876954099727115,0.0,6.0,3.5999999999999996,False,True,0.531257681793414,0.593618840552781,False,-0.4350449548369848,0.15710153857035417,False,0,False,0.4891110265546117,True,Building Stress,32,71
2025-02-24 17:00:00,276,115742.0,142971.0,258713.0,17,0,0,-0.9659258262890683,-0.25881904510252063,0.0,1.0,-0.10524749337105839,214.0,62.0,46.0,64.06789876509073,-20.0,66745.69735195063,230.0,46.0,12.929279647684226,3.5578161547645926,True,22.546254298878786,12.929279647684226,True,4.138702306565241,0.0,6.0,3.5999999999999996,False,True,0.583061812168869,0.593618840552781,False,-0.38129989959564714,0.15710153857035417,False,2,False,0.6214964935483328,True,Building Stress,32,72
2025-02-28 12:00:00,118,42663.0,50954.0,93617.0,12,4,0,1.2246467991473532e-16,-1.0,-0.433883739117558,-0.9009688679024191,-0.08856202866970027,162.0,-44.0,60.083333333333336,74.97241038435791,47.0,70233.52865230902,71.0,47.0,11.236090239889869,4.182949673467617,True,41.093670016507396,11.236090239889869,True,3.6829496734676166,0.0,6.0,3.5999999999999996,False,True,0.568306804825909,0.5896878779809769,False,-0.09250691807368927,0.22195302629068886,False,2,False,0.6667958879919917,True,Building Stress,36,73
2025-02-28 13:00:00,85,46823.0,56393.0,103216.0,13,4,0,-0.2588190451025208,-0.9659258262890683,-0.433883739117558,-0.9009688679024191,-0.09271728494337172,118.0,-33.0,62.333333333333336,75.89962861034569,34.0,70588.82179056964,61.5,23.5,11.411189907122111,2.0593820794563107,False,37.57493601320592,11.411189907122111,True,5.242331752923928,0.0,6.0,3.5999999999999996,False,True,0.5491642243029341,0.5896878779809769,False,-0.300875892571411,0.22195302629068886,False,1,False,0.5736320243713902,True,Building Stress,36,74
2025-03-03 11:00:00,119,54473.0,52385.0,106858.0,11,0,0,0.258819045102521,-0.9659258262890682,0.0,1.0,0.019539767356984438,148.0,-29.0,16.083333333333332,38.23146515026898,27.0,36517.69664734533,91.0,28.0,14.74207493507605,1.8993255782046774,False,14.164258137749147,14.74207493507605,False,3.88667544536964,0.0,6.0,3.5999999999999996,False,True,0.5757087083095589,0.5847021470439575,False,-0.30983283316435317,0.19935377009153407,False,0,False,0.575175036392496,True,Building Stress,41,75
2025-03-03 12:00:00,93,34293.0,41080.0,75373.0,12,0,0,1.2246467991473532e-16,-1.0,0.0,1.0,-0.09004431236235307,119.0,-26.0,21.041666666666668,43.419569988324554,13.0,40855.149837699406,71.0,22.0,14.782369093312427,1.4882594164120042,False,15.731406510199319,14.782369093312427,True,4.874934861781645,0.0,6.0,3.5999999999999996,False,True,0.5323677158403135,0.5847021470439575,False,-0.40288560585899935,0.19935377009153407,False,1,False,0.5155730666893888,True,Building Stress,41,76
2025-03-03 13:00:00,74,32546.0,41055.0,73601.0,13,0,0,-0.2588190451025208,-0.9659258262890683,0.0,1.0,-0.11560827151436102,93.0,-19.0,24.916666666666668,45.557337658084826,-2.0,42163.96406161893,61.5,12.5,14.807441306721607,0.844170153443446,False,15.085125208159456,14.807441306721607,True,5.219105015225091,0.0,6.0,3.5999999999999996,False,True,0.5102219814199894,0.5847021470439575,False,-0.4366567826101644,0.19935377009153407,False,1,False,0.46634125230579276,True,Building Stress,41,77
2025-03-03 14:00:00,83,48940.0,46910.0,95850.0,14,0,0,-0.4999999999999997,-0.8660254037844388,0.0,1.0,0.021178704447527934,74.0,9.0,28.0,46.29583510237273,-21.0,43108.79291649664,80.5,2.5,14.815572193855635,0.16874137342038054,False,12.568100166527564,14.815572193855635,False,4.887846388645472,0.0,6.0,3.5999999999999996,False,True,0.5296697717461233,0.5847021470439575,False,-0.39427838839457174,0.19935377009153407,False,0,False,0.4501220941096085,True,Building Stress,41,78
2025-03-03 15:00:00,165,80882.0,86860.0,167742.0,15,0,0,-0.7071067811865471,-0.7071067811865479,0.0,1.0,-0.035637850759793255,83.0,82.0,31.458333333333332,47.204438964688634,-13.0,45017.63990105289,145.5,19.5,14.812713867442257,1.3164366890837071,False,13.954480133222052,14.812713867442257,False,5.704283077729179,0.0,6.0,3.5999999999999996,False,True,0.5634722115507931,0.5847021470439575,False,-0.42368163172854767,0.19935377009153407,False,0,False,0.5096988008931583,True,Building Stress,41,79
2025-03-07 18:00:00,36,16962.0,24023.0,40985.0,18,4,0,-1.0,-1.8369701987210297e-16,-0.433883739117558,-0.9009688679024191,-0.1722783389450056,267.0,-231.0,55.416666666666664,75.29819945111377,-21.0,75636.85067473893,38.0,-2.0,14.663352839681442,-0.136394453701453,False,11.82185128975147,14.663352839681442,False,3.6864866677352053,0.0,6.0,3.5999999999999996,False,True,0.5903839043464137,0.5786508071713543,True,0.38441003647601324,0.20563279985337402,True,2,False,0.5594678669654025,True,Building Stress,44,80
2025-03-11 17:00:00,225,92026.0,115933.0,207959.0,17,1,0,-0.9659258262890683,-0.25881904510252063,0.7818314824680298,0.6234898018587336,-0.1149596076168494,191.0,34.0,50.333333333333336,70.00103518903298,12.0,73205.4039050174,249.5,-24.5,14.710425430073169,-1.6654854828272725,False,-14.354782208993683,14.710425430073169,False,0.0,4.079461168113779,6.0,3.5999999999999996,False,True,0.5338289624806554,0.574696690777469,False,-0.43109329635384674,0.24229715052577805,False,0,False,0.5068756972756165,True,Building Stress,47,81
2025-03-11 18:00:00,33,14954.0,20451.0,35405.0,18,1,0,-1.0,-1.8369701987210297e-16,0.7818314824680298,0.6234898018587336,-0.15525617127040614,225.0,-192.0,48.416666666666664,64.07530669092604,2.0,61170.48273009597,37.5,-4.5,14.73320833269597,-0.30543245560531374,False,-12.383825767194947,14.73320833269597,False,0.0,3.884893623719093,6.0,3.5999999999999996,False,True,0.5479287631710696,0.574696690777469,False,0.24340816724558945,0.24229715052577805,True,1,False,0.5468657582332038,True,Building Stress,47,82
2025-03-14 17:00:00,271,127513.0,147337.0,274850.0,17,4,0,-0.9659258262890683,-0.25881904510252063,-0.433883739117558,-0.9009688679024191,-0.07212635209622668,207.0,64.0,54.458333333333336,70.31851705333176,4.0,68999.55431908152,232.0,39.0,14.595623295430714,2.6720338837608453,False,17.184696554714037,14.595623295430714,True,5.447342668184029,0.0,6.0,3.5999999999999996,False,True,0.5649363937571287,0.5799759978169912,False,-0.36149459265964423,0.22948019692185773,False,1,False,0.588786897248957,True,Building Stress,47,83
2025-03-14 18:00:00,39,20864.0,22281.0,43145.0,18,4,0,-1.0,-1.8369701987210297e-16,-0.433883739117558,-0.9009688679024191,-0.03284197839892458,271.0,-232.0,55.916666666666664,74.48660029286076,3.0,75463.09035451211,32.5,6.5,14.688104529003303,0.442534977005714,False,15.047757243771231,14.688104529003303,True,5.389877645189743,0.0,6.0,3.5999999999999996,False,True,0.5768483697573765,0.5799759978169912,False,0.3617186011260791,0.22948019692185773,True,2,False,0.5928176453009395,True,Building Stress,47,84
2025-03-14 19:00:00,0,0.0,0.0,0.0,19,4,0,-0.9659258262890684,0.2588190451025203,-0.433883739117558,-0.9009688679024191,0.0,39.0,-39.0,56.25,74.38808343089461,0.0,75372.57259772945,0.0,0.0,14.688079150388875,0.0,False,12.038205795016985,14.688079150388875,False,4.889877645189743,0.0,6.0,3.5999999999999996,False,True,0.4676533174417658,0.5799759978169912,False,-0.2415904687698549,0.22948019692185773,False,0,False,0.3866791673835886,True,Building Stress,47,85
2025-03-14 20:00:00,0,0.0,0.0,0.0,20,4,0,-0.8660254037844386,0.5000000000000001,-0.433883739117558,-0.9009688679024191,0.0,0.0,0.0,56.25,74.38808343089461,0.0,75372.57259772945,0.0,0.0,14.688079150388875,0.0,False,9.630564636013588,14.688079150388875,False,4.389877645189743,0.0,6.0,3.5999999999999996,False,True,0.4327118791307132,0.5799759978169912,False,-0.3700205167929833,0.22948019692185773,False,0,False,0.298163558625972,True,Building Stress,47,86
2025-03-14 21:00:00,0,0.0,0.0,0.0,21,4,0,-0.7071067811865477,0.7071067811865474,-0.433883739117558,-0.9009688679024191,0.0,0.0,0.0,56.25,74.38808343089461,0.0,75372.57259772945,0.0,0.0,14.688079150388875,0.0,False,7.704451708810871,14.688079150388875,False,3.8898776451897428,0.0,6.0,3.5999999999999996,False,True,0.4298495284478908,0.5799759978169912,False,-0.41196778646397125,0.22948019692185773,False,0,False,0.26007110907306225,True,Building Stress,47,87
2025-03-17 15:00:00,177,77327.0,89051.0,166378.0,15,0,0,-0.7071067811865471,-0.7071067811865479,0.0,1.0,-0.07046562366644829,92.0,85.0,28.916666666666668,44.16659830456837,8.0,46396.34952279831,138.5,38.5,14.624847829200302,2.6325060232852495,False,14.706816074344141,14.624847829200302,True,4.362637581086506,0.0,6.0,3.5999999999999996,False,True,0.5488437207136403,0.5834546799668175,False,-0.4647484173210368,0.23479628320853366,False,1,False,0.5308213618248642,True,Building Stress,47,88
2025-03-19 17:00:00,230,97178.0,134268.0,231446.0,17,2,0,-0.9659258262890683,-0.25881904510252063,0.9749279121818236,-0.22252093395631434,-0.1602526712379076,192.0,38.0,48.625,63.81482211633226,3.0,63227.70279860249,251.5,-21.5,14.907210578185973,-1.44225506758866,False,-13.341625821067083,14.907210578185973,False,0.0,3.859141617268575,6.0,3.5999999999999996,False,True,0.5404551482668032,0.5853892468261419,False,-0.43501738809263,0.25517652502246924,False,0,False,0.4887591379788928,True,Building Stress,49,89
2025-03-19 18:00:00,29,14860.0,20215.0,35075.0,18,2,0,-1.0,-1.8369701987210297e-16,0.9749279121818236,-0.22252093395631434,-0.1526684912760862,230.0,-201.0,48.666666666666664,63.93792279245935,-9.0,62845.17301768838,37.0,-8.0,14.930795764260507,-0.5358053332394654,False,-12.273300656853667,14.930795764260507,False,0.0,3.8949469505080403,6.0,3.5999999999999996,False,True,0.5589357805774663,0.5853892468261419,False,0.33534788144239047,0.25517652502246924,True,1,False,0.558952313979314,True,Building Stress,49,90
2025-03-21 16:00:00,235,108570.0,120747.0,229317.0,16,4,0,-0.8660254037844385,-0.5000000000000004,-0.433883739117558,-0.9009688679024191,-0.053100934074080536,146.0,89.0,55.166666666666664,72.23070927464883,28.0,68366.35783191238,191.5,43.5,13.168985579706698,3.3032157060778586,True,14.027832637354004,13.168985579706698,True,4.28600896692704,0.0,6.0,3.5999999999999996,False,True,0.54258218250525,0.579034885821478,False,-0.4060318034238162,0.21600413866110607,False,2,False,0.5808000740977264,True,Building Stress,49,91
2025-03-21 18:00:00,46,16444.0,22043.0,38487.0,18,4,0,-1.0,-1.8369701987210297e-16,-0.433883739117558,-0.9009688679024191,-0.14547391394720433,226.0,-180.0,55.458333333333336,71.96132969181775,7.0,74909.3270961513,35.5,10.5,10.299264992002724,1.0194902265504524,False,9.957812887906563,10.299264992002724,False,3.7344287493618076,0.0,6.0,3.5999999999999996,False,True,0.5651848844911779,0.579034885821478,False,0.12970844266471104,0.21600413866110607,False,0,False,0.5959107982873362,True,Building Stress,49,92
2025-03-24 10:00:00,151,56493.0,71523.0,128016.0,10,0,0,0.49999999999999994,-0.8660254037844387,0.0,1.0,-0.11740628197817478,97.0,54.0,8.875,23.79315301583173,24.0,23252.716475208857,114.0,37.0,10.198891447158504,3.627845260605113,True,9.794886250620458,10.198891447158504,False,3.7021074119209025,0.0,6.0,3.5999999999999996,False,True,0.6068139369890795,0.596150574197158,True,-0.3241817952810553,0.19058463945549092,False,2,False,0.6401267261260828,True,Building Stress,49,93
2025-03-24 12:00:00,89,37996.0,37721.0,75717.0,12,0,0,1.2246467991473532e-16,-1.0,0.0,1.0,0.0036318973031511663,112.0,-23.0,19.833333333333332,42.125760647671726,18.0,38262.80800393529,69.5,19.5,10.202064031926765,1.9113779269543776,False,10.728727200397094,10.202064031926765,True,4.954131434245163,0.0,6.0,3.5999999999999996,False,True,0.5379909134561915,0.596150574197158,False,-0.38848056688622457,0.19058463945549092,False,1,False,0.5385487398872433,True,Building Stress,49,94
2025-03-24 13:00:00,75,28436.0,41137.0,69573.0,13,0,0,-0.2588190451025208,-0.9659258262890683,0.0,1.0,-0.1825538275792681,89.0,-14.0,23.541666666666668,44.17158162425708,2.0,39736.083465641226,60.0,15.0,10.192183101869057,1.471716103417459,False,11.582981760317676,10.192183101869057,True,5.925847537662622,0.0,6.0,3.5999999999999996,False,True,0.53163355399463,0.596150574197158,False,-0.3670969223699909,0.19058463945549092,False,1,False,0.5287856678667243,True,Building Stress,49,95
2025-03-24 14:00:00,85,45143.0,51757.0,96900.0,14,0,0,-0.4999999999999997,-0.8660254037844388,0.0,1.0,-0.06825522956419439,75.0,10.0,26.666666666666668,45.07738917121037,-7.0,40591.23611449319,84.5,0.5,10.198653244745781,0.04902608099335015,False,9.366385408254141,10.198653244745781,False,5.474873618655972,0.0,6.0,3.5999999999999996,False,True,0.5195647817358352,0.596150574197158,False,-0.4298473686598867,0.19058463945549092,False,0,False,0.4373100202584452,True,Building Stress,49,96
2025-03-24 17:00:00,259,119742.0,162933.0,282675.0,17,0,0,-0.9659258262890683,-0.25881904510252063,0.0,1.0,-0.1527933039946794,228.0,31.0,46.416666666666664,65.01633016716491,-23.0,66602.24727242556,233.0,26.0,9.964516187161545,2.6092586445389943,False,17.115589329026122,9.964516187161545,True,4.999242511872891,0.0,6.0,3.5999999999999996,False,True,0.5974143909146888,0.596150574197158,True,-0.2971622927733917,0.19058463945549092,False,2,False,0.6147140521962436,True,Building Stress,49,97
2025-03-24 18:00:00,47,16997.0,24951.0,41948.0,18,0,0,-1.0,-1.8369701987210297e-16,0.0,1.0,-0.18961119454575795,259.0,-212.0,57.208333333333336,77.30964232941095,5.0,81352.10590773412,38.5,8.5,9.93023205282061,0.855971940513277,False,15.392471463220897,9.93023205282061,True,5.355214452386169,0.0,6.0,3.5999999999999996,False,True,0.6034988445429122,0.596150574197158,True,0.16383005593682642,0.19058463945549092,False,2,False,0.6119827725489444,True,Building Stress,49,98
2025-03-24 19:00:00,0,0.0,0.0,0.0,19,0,0,-0.9659258262890684,0.2588190451025203,0.0,1.0,0.0,47.0,-47.0,59.166666666666664,76.3872665616045,0.0,80487.87889336894,0.0,0.0,9.936744738048992,0.0,False,12.313977170576718,9.936744738048992,True,4.855214452386169,0.0,6.0,3.5999999999999996,False,True,0.5023199110423193,0.596150574197158,False,-0.25359814277880943,0.19058463945549092,False,1,False,0.48206928838951313,True,Building Stress,49,99
2025-03-24 20:00:00,0,0.0,0.0,0.0,20,0,0,-0.8660254037844386,0.5000000000000001,0.0,1.0,0.0,0.0,0.0,59.166666666666664,76.3872665616045,0.0,80487.87889336894,0.0,0.0,9.936744738048992,0.0,False,9.851181736461376,9.936744738048992,False,4.355214452386169,0.0,6.0,3.5999999999999996,False,True,0.4554777051340431,0.596150574197158,False,-0.39969571555931016,0.19058463945549092,False,0,False,0.35762692415644043,True,Building Stress,49,100
2025-03-24 21:00:00,0,0.0,0.0,0.0,21,0,0,-0.7071067811865477,0.7071067811865474,0.0,1.0,0.0,0.0,0.0,59.166666666666664,76.3872665616045,0.0,80487.87889336894,0.0,0.0,9.936744738048992,0.0,False,7.880945389169101,9.936744738048992,False,3.8552144523861687,0.0,6.0,3.5999999999999996,False,True,0.4548980299503828,0.596150574197158,False,-0.4342825057845241,0.19058463945549092,False,0,False,0.3127167078644782,True,Building Stress,49,101
2025-03-25 11:00:00,86,52320.0,44136.0,96456.0,11,1,0,0.258819045102521,-0.9659258262890682,0.7818314824680298,0.6234898018587336,0.08484609722467006,104.0,-18.0,55.625,74.2802053917696,-23.0,80317.39546648614,109.5,-23.5,9.944758111249138,-2.3630539563770463,False,-8.982128356269637,9.944758111249138,False,0.0,3.635872846643152,6.0,3.5999999999999996,False,True,0.5222427648931496,0.5960089056974504,False,-0.2936937989485331,0.20540831934606946,False,0,False,0.5560559256725611,True,Building Stress,49,102
2025-03-25 13:00:00,57,24115.0,26676.0,50791.0,13,1,0,-0.2588190451025208,-0.9659258262890683,0.7818314824680298,0.6234898018587336,-0.050421326193101274,67.0,-10.0,53.625,73.29737672510939,4.0,79992.530852309,66.5,-9.5,9.990461977545765,-0.9509069772100518,False,-8.288562148012568,9.990461977545765,False,0.0,3.9871432382204404,6.0,3.5999999999999996,False,True,0.46978822290097044,0.5960089056974504,False,-0.48877404793649837,0.20540831934606946,False,0,False,0.33477230656627655,True,Building Stress,49,103
2025-03-25 14:00:00,78,30653.0,40633.0,71286.0,14,1,0,-0.4999999999999997,-0.8660254037844388,0.7818314824680298,0.6234898018587336,-0.13999747499544096,57.0,21.0,52.875,73.16111612764992,-6.0,79960.7869858063,84.5,-6.5,9.996991356469435,-0.6501956206847775,False,-7.930849718410054,9.996991356469435,False,0.0,4.137338858905218,6.0,3.5999999999999996,False,True,0.47886681811697973,0.5960089056974504,False,-0.49638881032999094,0.20540831934606946,False,0,False,0.3374648067145768,True,Building Stress,49,104
2025-03-25 15:00:00,142,66079.0,73402.0,139481.0,15,1,0,-0.7071067811865471,-0.7071067811865479,0.7818314824680298,0.6234898018587336,-0.05250139802985331,78.0,64.0,52.583333333333336,73.04133235288126,-9.0,79570.63407191676,148.5,-6.5,9.997647763678659,-0.650152931333951,False,-7.6446797747280435,9.997647763678659,False,0.0,4.2874917902391685,6.0,3.5999999999999996,False,True,0.5090416773740122,0.5960089056974504,False,-0.49306584307231316,0.20540831934606946,False,0,False,0.37904216145886127,True,Building Stress,49,105
2025-03-26 17:00:00,200,108085.0,103939.0,212024.0,17,2,0,-0.9659258262890683,-0.25881904510252063,0.9749279121818236,-0.22252093395631434,0.019554297842235585,212.0,-12.0,52.916666666666664,70.82612921591962,-30.0,61220.09907866112,254.5,-54.5,9.909989631583409,-5.499501213029225,True,-9.315489994885432,9.909989631583409,False,0.0,4.999501213029225,6.0,3.5999999999999996,False,True,0.5698591560866754,0.5972262734295878,False,-0.3423936999984545,0.19302307287982765,False,1,False,0.681762037032576,True,Building Stress,50,106
2025-03-26 18:00:00,38,13807.0,18955.0,32762.0,18,2,0,-1.0,-1.8369701987210297e-16,0.9749279121818236,-0.22252093395631434,-0.15712846808900283,200.0,-162.0,50.833333333333336,65.29642554080426,9.0,60961.49692043983,39.5,-1.5,10.207939937781749,-0.1469444382649806,False,-7.752391995908346,10.207939937781749,False,0.0,4.646445651294205,6.0,3.5999999999999996,False,True,0.5465303239129302,0.5972262734295878,False,0.13633106396414596,0.19302307287982765,False,0,False,0.5266101804672592,True,Building Stress,50,107
2025-03-26 19:00:00,0,0.0,0.0,0.0,19,2,0,-0.9659258262890684,0.2588190451025203,0.9749279121818236,-0.22252093395631434,0.0,38.0,-38.0,51.0,65.25668381559619,0.0,60987.19671146415,0.0,0.0,10.204320199720627,0.0,False,-6.201913596726677,10.204320199720627,False,0.0,4.146445651294205,6.0,3.5999999999999996,False,True,0.4598641682859157,0.5972262734295878,False,-0.3937446962592308,0.19302307287982765,False,0,False,0.3078092568767671,True,Building Stress,50,108
2025-03-26 20:00:00,0,0.0,0.0,0.0,20,2,0,-0.8660254037844386,0.5000000000000001,0.9749279121818236,-0.22252093395631434,0.0,0.0,0.0,51.0,65.25668381559619,0.0,60987.19671146415,0.0,0.0,10.204320199720627,0.0,False,-4.9615308773813425,10.204320199720627,False,0.0,3.646445651294205,6.0,3.5999999999999996,False,True,0.42098108917327987,0.5972262734295878,False,-0.5133524996843676,0.19302307287982765,False,0,False,0.16703392235534625,True,Building Stress,50,109
2025-03-27 15:00:00,130,62734.0,62826.0,125560.0,15,3,0,-0.7071067811865471,-0.7071067811865479,0.43388373911755823,-0.900968867902419,-0.0007327115903823639,84.0,46.0,48.958333333333336,64.25051457528106,4.0,61741.82998648249,148.5,-18.5,10.253762877720224,-1.8042157031149533,False,-8.2860449683538,10.253762877720224,False,0.0,4.057753288427809,6.0,3.5999999999999996,False,True,0.47350544614252055,0.5983137515785303,False,-0.4902354174383232,0.1853293742727985,False,0,False,0.36941701671933,True,Building Stress,50,110
2025-03-27 16:00:00,179,79196.0,115561.0,194757.0,16,3,0,-0.8660254037844385,-0.5000000000000004,0.43388373911755823,-0.900968867902419,-0.1867189024327627,130.0,49.0,48.083333333333336,62.9298551298719,-7.0,61808.91953711869,202.0,-23.0,10.274538905888296,-2.2385432777736427,False,-11.22883597468304,10.274538905888296,True,0.0,5.796296566201452,6.0,3.5999999999999996,False,True,0.5273943026644284,0.5983137515785303,False,-0.43065259384615473,0.1853293742727985,False,1,False,0.5262098695587469,True,Building Stress,50,111
