timestamp,y,hour,day_of_week
2025-01-02 00:00:00,0,0,3
2025-01-02 01:00:00,0,1,3
2025-01-02 02:00:00,0,2,3
2025-01-02 03:00:00,0,3,3
2025-01-02 04:00:00,0,4,3
2025-01-02 05:00:00,0,5,3
2025-01-02 06:00:00,17,6,3
2025-01-02 07:00:00,23,7,3
2025-01-02 08:00:00,53,8,3
2025-01-02 09:00:00,91,9,3
2025-01-02 10:00:00,107,10,3
2025-01-02 11:00:00,94,11,3
2025-01-02 12:00:00,55,12,3
2025-01-02 13:00:00,49,13,3
2025-01-02 14:00:00,72,14,3
2025-01-02 15:00:00,130,15,3
2025-01-02 16:00:00,174,16,3
2025-01-02 17:00:00,232,17,3
2025-01-02 18:00:00,32,18,3
2025-01-02 19:00:00,0,19,3
2025-01-02 20:00:00,0,20,3
2025-01-02 21:00:00,0,21,3
2025-01-02 22:00:00,0,22,3
2025-01-02 23:00:00,0,23,3
2025-01-03 00:00:00,0,0,4
2025-01-03 01:00:00,0,1,4
2025-01-03 02:00:00,0,2,4
2025-01-03 03:00:00,0,3,4
2025-01-03 04:00:00,0,4,4
2025-01-03 05:00:00,0,5,4
2025-01-03 06:00:00,17,6,4
2025-01-03 07:00:00,31,7,4
2025-01-03 08:00:00,57,8,4
2025-01-03 09:00:00,89,9,4
2025-01-03 10:00:00,117,10,4
2025-01-03 11:00:00,117,11,4
2025-01-03 12:00:00,63,12,4
2025-01-03 13:00:00,65,13,4
2025-01-03 14:00:00,88,14,4
2025-01-03 15:00:00,162,15,4
2025-01-03 16:00:00,240,16,4
2025-01-03 17:00:00,265,17,4
2025-01-03 18:00:00,43,18,4
2025-01-03 19:00:00,0,19,4
2025-01-03 20:00:00,0,20,4
2025-01-03 21:00:00,0,21,4
2025-01-03 22:00:00,0,22,4
2025-01-03 23:00:00,0,23,4
2025-01-04 00:00:00,0,0,5
2025-01-04 01:00:00,0,1,5
2025-01-04 02:00:00,0,2,5
2025-01-04 03:00:00,0,3,5
2025-01-04 04:00:00,0,4,5
2025-01-04 05:00:00,0,5,5
2025-01-04 06:00:00,0,6,5
2025-01-04 07:00:00,0,7,5
2025-01-04 08:00:00,0,8,5
2025-01-04 09:00:00,0,9,5
2025-01-04 10:00:00,0,10,5
2025-01-04 11:00:00,0,11,5
2025-01-04 12:00:00,0,12,5
2025-01-04 13:00:00,0,13,5
2025-01-04 14:00:00,0,14,5
2025-01-04 15:00:00,0,15,5
2025-01-04 16:00:00,0,16,5
2025-01-04 17:00:00,0,17,5
2025-01-04 18:00:00,0,18,5
2025-01-04 19:00:00,0,19,5
2025-01-04 20:00:00,0,20,5
2025-01-04 21:00:00,0,21,5
2025-01-04 22:00:00,0,22,5
2025-01-04 23:00:00,0,23,5
2025-01-05 00:00:00,0,0,6
2025-01-05 01:00:00,0,1,6
2025-01-05 02:00:00,0,2,6
2025-01-05 03:00:00,0,3,6
2025-01-05 04:00:00,0,4,6
2025-01-05 05:00:00,0,5,6
2025-01-05 06:00:00,0,6,6
2025-01-05 07:00:00,0,7,6
2025-01-05 08:00:00,0,8,6
2025-01-05 09:00:00,0,9,6
2025-01-05 10:00:00,0,10,6
2025-01-05 11:00:00,0,11,6
2025-01-05 12:00:00,0,12,6
2025-01-05 13:00:00,0,13,6
2025-01-05 14:00:00,0,14,6
2025-01-05 15:00:00,0,15,6
2025-01-05 16:00:00,0,16,6
2025-01-05 17:00:00,0,17,6
2025-01-05 18:00:00,0,18,6
2025-01-05 19:00:00,0,19,6
2025-01-05 20:00:00,0,20,6
2025-01-05 21:00:00,0,21,6
2025-01-05 22:00:00,0,22,6
2025-01-05 23:00:00,0,23,6
2025-01-06 00:00:00,0,0,0
2025-01-06 01:00:00,0,1,0
2025-01-06 02:00:00,0,2,0
2025-01-06 03:00:00,0,3,0
2025-01-06 04:00:00,0,4,0
2025-01-06 05:00:00,0,5,0
2025-01-06 06:00:00,10,6,0
2025-01-06 07:00:00,33,7,0
2025-01-06 08:00:00,68,8,0
2025-01-06 09:00:00,86,9,0
2025-01-06 10:00:00,148,10,0
2025-01-06 11:00:00,107,11,0
2025-01-06 12:00:00,85,12,0
2025-01-06 13:00:00,80,13,0
2025-01-06 14:00:00,95,14,0
2025-01-06 15:00:00,169,15,0
2025-01-06 16:00:00,239,16,0
2025-01-06 17:00:00,281,17,0
2025-01-06 18:00:00,44,18,0
2025-01-06 19:00:00,0,19,0
2025-01-06 20:00:00,0,20,0
2025-01-06 21:00:00,0,21,0
2025-01-06 22:00:00,0,22,0
2025-01-06 23:00:00,0,23,0
2025-01-07 00:00:00,0,0,1
2025-01-07 01:00:00,0,1,1
2025-01-07 02:00:00,0,2,1
2025-01-07 03:00:00,0,3,1
2025-01-07 04:00:00,0,4,1
2025-01-07 05:00:00,0,5,1
2025-01-07 06:00:00,17,6,1
2025-01-07 07:00:00,27,7,1
2025-01-07 08:00:00,67,8,1
2025-01-07 09:00:00,80,9,1
2025-01-07 10:00:00,110,10,1
2025-01-07 11:00:00,73,11,1
2025-01-07 12:00:00,63,12,1
2025-01-07 13:00:00,55,13,1
2025-01-07 14:00:00,74,14,1
2025-01-07 15:00:00,128,15,1
2025-01-07 16:00:00,204,16,1
2025-01-07 17:00:00,221,17,1
2025-01-07 18:00:00,37,18,1
2025-01-07 19:00:00,0,19,1
2025-01-07 20:00:00,0,20,1
2025-01-07 21:00:00,0,21,1
2025-01-07 22:00:00,0,22,1
2025-01-07 23:00:00,0,23,1
2025-01-08 00:00:00,0,0,2
2025-01-08 01:00:00,0,1,2
2025-01-08 02:00:00,0,2,2
2025-01-08 03:00:00,0,3,2
2025-01-08 04:00:00,0,4,2
2025-01-08 05:00:00,0,5,2
2025-01-08 06:00:00,21,6,2
2025-01-08 07:00:00,32,7,2
2025-01-08 08:00:00,44,8,2
2025-01-08 09:00:00,86,9,2
2025-01-08 10:00:00,115,10,2
2025-01-08 11:00:00,90,11,2
2025-01-08 12:00:00,54,12,2
2025-01-08 13:00:00,47,13,2
2025-01-08 14:00:00,64,14,2
2025-01-08 15:00:00,146,15,2
2025-01-08 16:00:00,176,16,2
2025-01-08 17:00:00,228,17,2
2025-01-08 18:00:00,40,18,2
2025-01-08 19:00:00,0,19,2
2025-01-08 20:00:00,0,20,2
2025-01-08 21:00:00,0,21,2
2025-01-08 22:00:00,0,22,2
2025-01-08 23:00:00,0,23,2
2025-01-09 00:00:00,0,0,3
2025-01-09 01:00:00,0,1,3
2025-01-09 02:00:00,0,2,3
2025-01-09 03:00:00,0,3,3
2025-01-09 04:00:00,0,4,3
2025-01-09 05:00:00,0,5,3
2025-01-09 06:00:00,19,6,3
2025-01-09 07:00:00,22,7,3
2025-01-09 08:00:00,50,8,3
2025-01-09 09:00:00,96,9,3
2025-01-09 10:00:00,106,10,3
2025-01-09 11:00:00,104,11,3
2025-01-09 12:00:00,69,12,3
2025-01-09 13:00:00,45,13,3
2025-01-09 14:00:00,61,14,3
2025-01-09 15:00:00,126,15,3
2025-01-09 16:00:00,168,16,3
2025-01-09 17:00:00,224,17,3
2025-01-09 18:00:00,38,18,3
2025-01-09 19:00:00,0,19,3
2025-01-09 20:00:00,0,20,3
2025-01-09 21:00:00,0,21,3
2025-01-09 22:00:00,0,22,3
2025-01-09 23:00:00,0,23,3
2025-01-10 00:00:00,0,0,4
2025-01-10 01:00:00,0,1,4
2025-01-10 02:00:00,0,2,4
2025-01-10 03:00:00,0,3,4
2025-01-10 04:00:00,0,4,4
2025-01-10 05:00:00,0,5,4
2025-01-10 06:00:00,19,6,4
2025-01-10 07:00:00,32,7,4
2025-01-10 08:00:00,62,8,4
2025-01-10 09:00:00,100,9,4
2025-01-10 10:00:00,124,10,4
2025-01-10 11:00:00,98,11,4
2025-01-10 12:00:00,75,12,4
2025-01-10 13:00:00,64,13,4
2025-01-10 14:00:00,79,14,4
2025-01-10 15:00:00,161,15,4
2025-01-10 16:00:00,202,16,4
2025-01-10 17:00:00,245,17,4
2025-01-10 18:00:00,40,18,4
2025-01-10 19:00:00,0,19,4
2025-01-10 20:00:00,0,20,4
2025-01-10 21:00:00,0,21,4
2025-01-10 22:00:00,0,22,4
2025-01-10 23:00:00,0,23,4
2025-01-11 00:00:00,0,0,5
2025-01-11 01:00:00,0,1,5
2025-01-11 02:00:00,0,2,5
2025-01-11 03:00:00,0,3,5
2025-01-11 04:00:00,0,4,5
2025-01-11 05:00:00,0,5,5
2025-01-11 06:00:00,0,6,5
2025-01-11 07:00:00,0,7,5
2025-01-11 08:00:00,0,8,5
2025-01-11 09:00:00,0,9,5
2025-01-11 10:00:00,0,10,5
2025-01-11 11:00:00,0,11,5
2025-01-11 12:00:00,0,12,5
2025-01-11 13:00:00,0,13,5
2025-01-11 14:00:00,0,14,5
2025-01-11 15:00:00,0,15,5
2025-01-11 16:00:00,0,16,5
2025-01-11 17:00:00,0,17,5
2025-01-11 18:00:00,0,18,5
2025-01-11 19:00:00,0,19,5
2025-01-11 20:00:00,0,20,5
2025-01-11 21:00:00,0,21,5
2025-01-11 22:00:00,0,22,5
2025-01-11 23:00:00,0,23,5
2025-01-12 00:00:00,0,0,6
2025-01-12 01:00:00,0,1,6
2025-01-12 02:00:00,0,2,6
2025-01-12 03:00:00,0,3,6
2025-01-12 04:00:00,0,4,6
2025-01-12 05:00:00,0,5,6
2025-01-12 06:00:00,0,6,6
2025-01-12 07:00:00,0,7,6
2025-01-12 08:00:00,0,8,6
2025-01-12 09:00:00,0,9,6
2025-01-12 10:00:00,0,10,6
2025-01-12 11:00:00,0,11,6
2025-01-12 12:00:00,0,12,6
2025-01-12 13:00:00,0,13,6
2025-01-12 14:00:00,0,14,6
2025-01-12 15:00:00,0,15,6
2025-01-12 16:00:00,0,16,6
2025-01-12 17:00:00,0,17,6
2025-01-12 18:00:00,0,18,6
2025-01-12 19:00:00,0,19,6
2025-01-12 20:00:00,0,20,6
2025-01-12 21:00:00,0,21,6
2025-01-12 22:00:00,0,22,6
2025-01-12 23:00:00,0,23,6
2025-01-13 00:00:00,0,0,0
2025-01-13 01:00:00,0,1,0
2025-01-13 02:00:00,0,2,0
2025-01-13 03:00:00,0,3,0
2025-01-13 04:00:00,0,4,0
2025-01-13 05:00:00,0,5,0
2025-01-13 06:00:00,22,6,0
2025-01-13 07:00:00,36,7,0
2025-01-13 08:00:00,68,8,0
2025-01-13 09:00:00,100,9,0
2025-01-13 10:00:00,140,10,0
2025-01-13 11:00:00,124,11,0
2025-01-13 12:00:00,76,12,0
2025-01-13 13:00:00,76,13,0
2025-01-13 14:00:00,104,14,0
2025-01-13 15:00:00,170,15,0
2025-01-13 16:00:00,259,16,0
2025-01-13 17:00:00,283,17,0
2025-01-13 18:00:00,47,18,0
2025-01-13 19:00:00,0,19,0
2025-01-13 20:00:00,0,20,0
2025-01-13 21:00:00,0,21,0
2025-01-13 22:00:00,0,22,0
2025-01-13 23:00:00,0,23,0
2025-01-14 00:00:00,0,0,1
2025-01-14 01:00:00,0,1,1
2025-01-14 02:00:00,0,2,1
2025-01-14 03:00:00,0,3,1
2025-01-14 04:00:00,0,4,1
2025-01-14 05:00:00,0,5,1
2025-01-14 06:00:00,16,6,1
2025-01-14 07:00:00,27,7,1
2025-01-14 08:00:00,44,8,1
2025-01-14 09:00:00,84,9,1
2025-01-14 10:00:00,104,10,1
2025-01-14 11:00:00,84,11,1
2025-01-14 12:00:00,67,12,1
2025-01-14 13:00:00,62,13,1
2025-01-14 14:00:00,70,14,1
2025-01-14 15:00:00,116,15,1
2025-01-14 16:00:00,184,16,1
2025-01-14 17:00:00,227,17,1
2025-01-14 18:00:00,32,18,1
2025-01-14 19:00:00,0,19,1
2025-01-14 20:00:00,0,20,1
2025-01-14 21:00:00,0,21,1
2025-01-14 22:00:00,0,22,1
2025-01-14 23:00:00,0,23,1
2025-01-15 00:00:00,0,0,2
2025-01-15 01:00:00,0,1,2
2025-01-15 02:00:00,0,2,2
2025-01-15 03:00:00,0,3,2
2025-01-15 04:00:00,0,4,2
2025-01-15 05:00:00,0,5,2
2025-01-15 06:00:00,17,6,2
2025-01-15 07:00:00,25,7,2
2025-01-15 08:00:00,57,8,2
2025-01-15 09:00:00,95,9,2
2025-01-15 10:00:00,115,10,2
2025-01-15 11:00:00,64,11,2
2025-01-15 12:00:00,65,12,2
2025-01-15 13:00:00,61,13,2
2025-01-15 14:00:00,70,14,2
2025-01-15 15:00:00,147,15,2
2025-01-15 16:00:00,194,16,2
2025-01-15 17:00:00,245,17,2
2025-01-15 18:00:00,39,18,2
2025-01-15 19:00:00,0,19,2
2025-01-15 20:00:00,0,20,2
2025-01-15 21:00:00,0,21,2
2025-01-15 22:00:00,0,22,2
2025-01-15 23:00:00,0,23,2
2025-01-16 00:00:00,0,0,3
2025-01-16 01:00:00,0,1,3
2025-01-16 02:00:00,0,2,3
2025-01-16 03:00:00,0,3,3
2025-01-16 04:00:00,0,4,3
2025-01-16 05:00:00,0,5,3
2025-01-16 06:00:00,23,6,3
2025-01-16 07:00:00,27,7,3
2025-01-16 08:00:00,46,8,3
2025-01-16 09:00:00,90,9,3
2025-01-16 10:00:00,121,10,3
2025-01-16 11:00:00,102,11,3
2025-01-16 12:00:00,56,12,3
2025-01-16 13:00:00,47,13,3
2025-01-16 14:00:00,91,14,3
2025-01-16 15:00:00,120,15,3
2025-01-16 16:00:00,191,16,3
2025-01-16 17:00:00,222,17,3
2025-01-16 18:00:00,41,18,3
2025-01-16 19:00:00,0,19,3
2025-01-16 20:00:00,0,20,3
2025-01-16 21:00:00,0,21,3
2025-01-16 22:00:00,0,22,3
2025-01-16 23:00:00,0,23,3
2025-01-17 00:00:00,0,0,4
2025-01-17 01:00:00,0,1,4
2025-01-17 02:00:00,0,2,4
2025-01-17 03:00:00,0,3,4
2025-01-17 04:00:00,0,4,4
2025-01-17 05:00:00,0,5,4
2025-01-17 06:00:00,20,6,4
2025-01-17 07:00:00,37,7,4
2025-01-17 08:00:00,65,8,4
2025-01-17 09:00:00,106,9,4
2025-01-17 10:00:00,145,10,4
2025-01-17 11:00:00,88,11,4
2025-01-17 12:00:00,76,12,4
2025-01-17 13:00:00,72,13,4
2025-01-17 14:00:00,86,14,4
2025-01-17 15:00:00,157,15,4
2025-01-17 16:00:00,200,16,4
2025-01-17 17:00:00,254,17,4
2025-01-17 18:00:00,37,18,4
2025-01-17 19:00:00,0,19,4
2025-01-17 20:00:00,0,20,4
2025-01-17 21:00:00,0,21,4
2025-01-17 22:00:00,0,22,4
2025-01-17 23:00:00,0,23,4
2025-01-18 00:00:00,0,0,5
2025-01-18 01:00:00,0,1,5
2025-01-18 02:00:00,0,2,5
2025-01-18 03:00:00,0,3,5
2025-01-18 04:00:00,0,4,5
2025-01-18 05:00:00,0,5,5
2025-01-18 06:00:00,0,6,5
2025-01-18 07:00:00,0,7,5
2025-01-18 08:00:00,0,8,5
2025-01-18 09:00:00,0,9,5
2025-01-18 10:00:00,0,10,5
2025-01-18 11:00:00,0,11,5
2025-01-18 12:00:00,0,12,5
2025-01-18 13:00:00,0,13,5
2025-01-18 14:00:00,0,14,5
2025-01-18 15:00:00,0,15,5
2025-01-18 16:00:00,0,16,5
2025-01-18 17:00:00,0,17,5
2025-01-18 18:00:00,0,18,5
2025-01-18 19:00:00,0,19,5
2025-01-18 20:00:00,0,20,5
2025-01-18 21:00:00,0,21,5
2025-01-18 22:00:00,0,22,5
2025-01-18 23:00:00,0,23,5
2025-01-19 00:00:00,0,0,6
2025-01-19 01:00:00,0,1,6
2025-01-19 02:00:00,0,2,6
2025-01-19 03:00:00,0,3,6
2025-01-19 04:00:00,0,4,6
2025-01-19 05:00:00,0,5,6
2025-01-19 06:00:00,0,6,6
2025-01-19 07:00:00,0,7,6
2025-01-19 08:00:00,0,8,6
2025-01-19 09:00:00,0,9,6
2025-01-19 10:00:00,0,10,6
2025-01-19 11:00:00,0,11,6
2025-01-19 12:00:00,0,12,6
2025-01-19 13:00:00,0,13,6
2025-01-19 14:00:00,0,14,6
2025-01-19 15:00:00,0,15,6
2025-01-19 16:00:00,0,16,6
2025-01-19 17:00:00,0,17,6
2025-01-19 18:00:00,0,18,6
2025-01-19 19:00:00,0,19,6
2025-01-19 20:00:00,0,20,6
2025-01-19 21:00:00,0,21,6
2025-01-19 22:00:00,0,22,6
2025-01-19 23:00:00,0,23,6
2025-01-20 00:00:00,0,0,0
2025-01-20 01:00:00,0,1,0
2025-01-20 02:00:00,0,2,0
2025-01-20 03:00:00,0,3,0
2025-01-20 04:00:00,0,4,0
2025-01-20 05:00:00,0,5,0
2025-01-20 06:00:00,16,6,0
2025-01-20 07:00:00,46,7,0
2025-01-20 08:00:00,74,8,0
2025-01-20 09:00:00,94,9,0
2025-01-20 10:00:00,123,10,0
2025-01-20 11:00:00,120,11,0
2025-01-20 12:00:00,81,12,0
2025-01-20 13:00:00,56,13,0
2025-01-20 14:00:00,94,14,0
2025-01-20 15:00:00,161,15,0
2025-01-20 16:00:00,229,16,0
2025-01-20 17:00:00,264,17,0
2025-01-20 18:00:00,48,18,0
2025-01-20 19:00:00,0,19,0
2025-01-20 20:00:00,0,20,0
2025-01-20 21:00:00,0,21,0
2025-01-20 22:00:00,0,22,0
2025-01-20 23:00:00,0,23,0
2025-01-21 00:00:00,0,0,1
2025-01-21 01:00:00,0,1,1
2025-01-21 02:00:00,0,2,1
2025-01-21 03:00:00,0,3,1
2025-01-21 04:00:00,0,4,1
2025-01-21 05:00:00,0,5,1
2025-01-21 06:00:00,19,6,1
2025-01-21 07:00:00,25,7,1
2025-01-21 08:00:00,57,8,1
2025-01-21 09:00:00,78,9,1
2025-01-21 10:00:00,128,10,1
2025-01-21 11:00:00,78,11,1
2025-01-21 12:00:00,59,12,1
2025-01-21 13:00:00,47,13,1
2025-01-21 14:00:00,79,14,1
2025-01-21 15:00:00,134,15,1
2025-01-21 16:00:00,180,16,1
2025-01-21 17:00:00,240,17,1
2025-01-21 18:00:00,22,18,1
2025-01-21 19:00:00,0,19,1
2025-01-21 20:00:00,0,20,1
2025-01-21 21:00:00,0,21,1
2025-01-21 22:00:00,0,22,1
2025-01-21 23:00:00,0,23,1
2025-01-22 00:00:00,0,0,2
2025-01-22 01:00:00,0,1,2
2025-01-22 02:00:00,0,2,2
2025-01-22 03:00:00,0,3,2
2025-01-22 04:00:00,0,4,2
2025-01-22 05:00:00,0,5,2
2025-01-22 06:00:00,14,6,2
2025-01-22 07:00:00,25,7,2
2025-01-22 08:00:00,67,8,2
2025-01-22 09:00:00,88,9,2
2025-01-22 10:00:00,136,10,2
2025-01-22 11:00:00,89,11,2
2025-01-22 12:00:00,69,12,2
2025-01-22 13:00:00,56,13,2
2025-01-22 14:00:00,75,14,2
2025-01-22 15:00:00,113,15,2
2025-01-22 16:00:00,202,16,2
2025-01-22 17:00:00,222,17,2
2025-01-22 18:00:00,45,18,2
2025-01-22 19:00:00,0,19,2
2025-01-22 20:00:00,0,20,2
2025-01-22 21:00:00,0,21,2
2025-01-22 22:00:00,0,22,2
2025-01-22 23:00:00,0,23,2
2025-01-23 00:00:00,0,0,3
2025-01-23 01:00:00,0,1,3
2025-01-23 02:00:00,0,2,3
2025-01-23 03:00:00,0,3,3
2025-01-23 04:00:00,0,4,3
2025-01-23 05:00:00,0,5,3
2025-01-23 06:00:00,14,6,3
2025-01-23 07:00:00,19,7,3
2025-01-23 08:00:00,66,8,3
2025-01-23 09:00:00,104,9,3
2025-01-23 10:00:00,125,10,3
2025-01-23 11:00:00,96,11,3
2025-01-23 12:00:00,59,12,3
2025-01-23 13:00:00,55,13,3
2025-01-23 14:00:00,62,14,3
2025-01-23 15:00:00,121,15,3
2025-01-23 16:00:00,193,16,3
2025-01-23 17:00:00,215,17,3
2025-01-23 18:00:00,33,18,3
2025-01-23 19:00:00,0,19,3
2025-01-23 20:00:00,0,20,3
2025-01-23 21:00:00,0,21,3
2025-01-23 22:00:00,0,22,3
2025-01-23 23:00:00,0,23,3
2025-01-24 00:00:00,0,0,4
2025-01-24 01:00:00,0,1,4
2025-01-24 02:00:00,0,2,4
2025-01-24 03:00:00,0,3,4
2025-01-24 04:00:00,0,4,4
2025-01-24 05:00:00,0,5,4
2025-01-24 06:00:00,18,6,4
2025-01-24 07:00:00,24,7,4
2025-01-24 08:00:00,80,8,4
2025-01-24 09:00:00,97,9,4
2025-01-24 10:00:00,132,10,4
2025-01-24 11:00:00,90,11,4
2025-01-24 12:00:00,81,12,4
2025-01-24 13:00:00,61,13,4
2025-01-24 14:00:00,85,14,4
2025-01-24 15:00:00,178,15,4
2025-01-24 16:00:00,193,16,4
2025-01-24 17:00:00,235,17,4
2025-01-24 18:00:00,33,18,4
2025-01-24 19:00:00,0,19,4
2025-01-24 20:00:00,0,20,4
2025-01-24 21:00:00,0,21,4
2025-01-24 22:00:00,0,22,4
2025-01-24 23:00:00,0,23,4
2025-01-25 00:00:00,0,0,5
2025-01-25 01:00:00,0,1,5
2025-01-25 02:00:00,0,2,5
2025-01-25 03:00:00,0,3,5
2025-01-25 04:00:00,0,4,5
2025-01-25 05:00:00,0,5,5
2025-01-25 06:00:00,0,6,5
2025-01-25 07:00:00,0,7,5
2025-01-25 08:00:00,0,8,5
2025-01-25 09:00:00,0,9,5
2025-01-25 10:00:00,0,10,5
2025-01-25 11:00:00,0,11,5
2025-01-25 12:00:00,0,12,5
2025-01-25 13:00:00,0,13,5
2025-01-25 14:00:00,0,14,5
2025-01-25 15:00:00,0,15,5
2025-01-25 16:00:00,0,16,5
2025-01-25 17:00:00,0,17,5
2025-01-25 18:00:00,0,18,5
2025-01-25 19:00:00,0,19,5
2025-01-25 20:00:00,0,20,5
2025-01-25 21:00:00,0,21,5
2025-01-25 22:00:00,0,22,5
2025-01-25 23:00:00,0,23,5
2025-01-26 00:00:00,0,0,6
2025-01-26 01:00:00,0,1,6
2025-01-26 02:00:00,0,2,6
2025-01-26 03:00:00,0,3,6
2025-01-26 04:00:00,0,4,6
2025-01-26 05:00:00,0,5,6
2025-01-26 06:00:00,0,6,6
2025-01-26 07:00:00,0,7,6
2025-01-26 08:00:00,0,8,6
2025-01-26 09:00:00,0,9,6
2025-01-26 10:00:00,0,10,6
2025-01-26 11:00:00,0,11,6
2025-01-26 12:00:00,0,12,6
2025-01-26 13:00:00,0,13,6
2025-01-26 14:00:00,0,14,6
2025-01-26 15:00:00,0,15,6
2025-01-26 16:00:00,0,16,6
2025-01-26 17:00:00,0,17,6
2025-01-26 18:00:00,0,18,6
2025-01-26 19:00:00,0,19,6
2025-01-26 20:00:00,0,20,6
2025-01-26 21:00:00,0,21,6
2025-01-26 22:00:00,0,22,6
2025-01-26 23:00:00,0,23,6
2025-01-27 00:00:00,0,0,0
2025-01-27 01:00:00,0,1,0
2025-01-27 02:00:00,0,2,0
2025-01-27 03:00:00,0,3,0
2025-01-27 04:00:00,0,4,0
2025-01-27 05:00:00,0,5,0
2025-01-27 06:00:00,11,6,0
2025-01-27 07:00:00,38,7,0
2025-01-27 08:00:00,70,8,0
2025-01-27 09:00:00,104,9,0
2025-01-27 10:00:00,135,10,0
2025-01-27 11:00:00,113,11,0
2025-01-27 12:00:00,84,12,0
2025-01-27 13:00:00,75,13,0
2025-01-27 14:00:00,91,14,0
2025-01-27 15:00:00,165,15,0
2025-01-27 16:00:00,216,16,0
2025-01-27 17:00:00,254,17,0
2025-01-27 18:00:00,43,18,0
2025-01-27 19:00:00,0,19,0
2025-01-27 20:00:00,0,20,0
2025-01-27 21:00:00,0,21,0
2025-01-27 22:00:00,0,22,0
2025-01-27 23:00:00,0,23,0
2025-01-28 00:00:00,0,0,1
2025-01-28 01:00:00,0,1,1
2025-01-28 02:00:00,0,2,1
2025-01-28 03:00:00,0,3,1
2025-01-28 04:00:00,0,4,1
2025-01-28 05:00:00,0,5,1
2025-01-28 06:00:00,26,6,1
2025-01-28 07:00:00,42,7,1
2025-01-28 08:00:00,81,8,1
2025-01-28 09:00:00,126,9,1
2025-01-28 10:00:00,155,10,1
2025-01-28 11:00:00,124,11,1
2025-01-28 12:00:00,103,12,1
2025-01-28 13:00:00,85,13,1
2025-01-28 14:00:00,94,14,1
2025-01-28 15:00:00,203,15,1
2025-01-28 16:00:00,266,16,1
2025-01-28 17:00:00,329,17,1
2025-01-28 18:00:00,39,18,1
2025-01-28 19:00:00,0,19,1
2025-01-28 20:00:00,0,20,1
2025-01-28 21:00:00,0,21,1
2025-01-28 22:00:00,0,22,1
2025-01-28 23:00:00,0,23,1
2025-01-29 00:00:00,0,0,2
2025-01-29 01:00:00,0,1,2
2025-01-29 02:00:00,0,2,2
2025-01-29 03:00:00,0,3,2
2025-01-29 04:00:00,0,4,2
2025-01-29 05:00:00,0,5,2
2025-01-29 06:00:00,23,6,2
2025-01-29 07:00:00,50,7,2
2025-01-29 08:00:00,69,8,2
2025-01-29 09:00:00,122,9,2
2025-01-29 10:00:00,164,10,2
2025-01-29 11:00:00,124,11,2
2025-01-29 12:00:00,97,12,2
2025-01-29 13:00:00,78,13,2
2025-01-29 14:00:00,112,14,2
2025-01-29 15:00:00,196,15,2
2025-01-29 16:00:00,299,16,2
2025-01-29 17:00:00,325,17,2
2025-01-29 18:00:00,44,18,2
2025-01-29 19:00:00,0,19,2
2025-01-29 20:00:00,0,20,2
2025-01-29 21:00:00,0,21,2
2025-01-29 22:00:00,0,22,2
2025-01-29 23:00:00,0,23,2
2025-01-30 00:00:00,0,0,3
2025-01-30 01:00:00,0,1,3
2025-01-30 02:00:00,0,2,3
2025-01-30 03:00:00,0,3,3
2025-01-30 04:00:00,0,4,3
2025-01-30 05:00:00,0,5,3
2025-01-30 06:00:00,29,6,3
2025-01-30 07:00:00,44,7,3
2025-01-30 08:00:00,81,8,3
2025-01-30 09:00:00,96,9,3
2025-01-30 10:00:00,154,10,3
2025-01-30 11:00:00,146,11,3
2025-01-30 12:00:00,107,12,3
2025-01-30 13:00:00,65,13,3
2025-01-30 14:00:00,112,14,3
2025-01-30 15:00:00,195,15,3
2025-01-30 16:00:00,233,16,3
2025-01-30 17:00:00,318,17,3
2025-01-30 18:00:00,39,18,3
2025-01-30 19:00:00,0,19,3
2025-01-30 20:00:00,0,20,3
2025-01-30 21:00:00,0,21,3
2025-01-30 22:00:00,0,22,3
2025-01-30 23:00:00,0,23,3
2025-01-31 00:00:00,0,0,4
2025-01-31 01:00:00,0,1,4
2025-01-31 02:00:00,0,2,4
2025-01-31 03:00:00,0,3,4
2025-01-31 04:00:00,0,4,4
2025-01-31 05:00:00,0,5,4
2025-01-31 06:00:00,25,6,4
2025-01-31 07:00:00,51,7,4
2025-01-31 08:00:00,92,8,4
2025-01-31 09:00:00,142,9,4
2025-01-31 10:00:00,209,10,4
2025-01-31 11:00:00,171,11,4
2025-01-31 12:00:00,102,12,4
2025-01-31 13:00:00,106,13,4
2025-01-31 14:00:00,139,14,4
2025-01-31 15:00:00,224,15,4
2025-01-31 16:00:00,319,16,4
2025-01-31 17:00:00,375,17,4
2025-01-31 18:00:00,53,18,4
2025-01-31 19:00:00,0,19,4
2025-01-31 20:00:00,0,20,4
2025-01-31 21:00:00,0,21,4
2025-01-31 22:00:00,0,22,4
2025-01-31 23:00:00,0,23,4
2025-02-01 00:00:00,0,0,5
2025-02-01 01:00:00,0,1,5
2025-02-01 02:00:00,0,2,5
2025-02-01 03:00:00,0,3,5
2025-02-01 04:00:00,0,4,5
2025-02-01 05:00:00,0,5,5
2025-02-01 06:00:00,0,6,5
2025-02-01 07:00:00,0,7,5
2025-02-01 08:00:00,0,8,5
2025-02-01 09:00:00,0,9,5
2025-02-01 10:00:00,0,10,5
2025-02-01 11:00:00,0,11,5
2025-02-01 12:00:00,0,12,5
2025-02-01 13:00:00,0,13,5
2025-02-01 14:00:00,0,14,5
2025-02-01 15:00:00,0,15,5
2025-02-01 16:00:00,0,16,5
2025-02-01 17:00:00,0,17,5
2025-02-01 18:00:00,0,18,5
2025-02-01 19:00:00,0,19,5
2025-02-01 20:00:00,0,20,5
2025-02-01 21:00:00,0,21,5
2025-02-01 22:00:00,0,22,5
2025-02-01 23:00:00,0,23,5
2025-02-02 00:00:00,0,0,6
2025-02-02 01:00:00,0,1,6
2025-02-02 02:00:00,0,2,6
2025-02-02 03:00:00,0,3,6
2025-02-02 04:00:00,0,4,6
2025-02-02 05:00:00,0,5,6
2025-02-02 06:00:00,0,6,6
2025-02-02 07:00:00,0,7,6
2025-02-02 08:00:00,0,8,6
2025-02-02 09:00:00,0,9,6
2025-02-02 10:00:00,0,10,6
2025-02-02 11:00:00,0,11,6
2025-02-02 12:00:00,0,12,6
2025-02-02 13:00:00,0,13,6
2025-02-02 14:00:00,0,14,6
2025-02-02 15:00:00,0,15,6
2025-02-02 16:00:00,0,16,6
2025-02-02 17:00:00,0,17,6
2025-02-02 18:00:00,0,18,6
2025-02-02 19:00:00,0,19,6
2025-02-02 20:00:00,0,20,6
2025-02-02 21:00:00,0,21,6
2025-02-02 22:00:00,0,22,6
2025-02-02 23:00:00,0,23,6
2025-02-03 00:00:00,0,0,0
2025-02-03 01:00:00,0,1,0
2025-02-03 02:00:00,0,2,0
2025-02-03 03:00:00,0,3,0
2025-02-03 04:00:00,0,4,0
2025-02-03 05:00:00,0,5,0
2025-02-03 06:00:00,27,6,0
2025-02-03 07:00:00,43,7,0
2025-02-03 08:00:00,61,8,0
2025-02-03 09:00:00,109,9,0
2025-02-03 10:00:00,136,10,0
2025-02-03 11:00:00,103,11,0
2025-02-03 12:00:00,84,12,0
2025-02-03 13:00:00,72,13,0
2025-02-03 14:00:00,93,14,0
2025-02-03 15:00:00,157,15,0
2025-02-03 16:00:00,254,16,0
2025-02-03 17:00:00,260,17,0
2025-02-03 18:00:00,52,18,0
2025-02-03 19:00:00,0,19,0
2025-02-03 20:00:00,0,20,0
2025-02-03 21:00:00,0,21,0
2025-02-03 22:00:00,0,22,0
2025-02-03 23:00:00,0,23,0
2025-02-04 00:00:00,0,0,1
2025-02-04 01:00:00,0,1,1
2025-02-04 02:00:00,0,2,1
2025-02-04 03:00:00,0,3,1
2025-02-04 04:00:00,0,4,1
2025-02-04 05:00:00,0,5,1
2025-02-04 06:00:00,24,6,1
2025-02-04 07:00:00,26,7,1
2025-02-04 08:00:00,54,8,1
2025-02-04 09:00:00,71,9,1
2025-02-04 10:00:00,110,10,1
2025-02-04 11:00:00,91,11,1
2025-02-04 12:00:00,58,12,1
2025-02-04 13:00:00,71,13,1
2025-02-04 14:00:00,81,14,1
2025-02-04 15:00:00,132,15,1
2025-02-04 16:00:00,174,16,1
2025-02-04 17:00:00,245,17,1
2025-02-04 18:00:00,30,18,1
2025-02-04 19:00:00,0,19,1
2025-02-04 20:00:00,0,20,1
2025-02-04 21:00:00,0,21,1
2025-02-04 22:00:00,0,22,1
2025-02-04 23:00:00,0,23,1
2025-02-05 00:00:00,0,0,2
2025-02-05 01:00:00,0,1,2
2025-02-05 02:00:00,0,2,2
2025-02-05 03:00:00,0,3,2
2025-02-05 04:00:00,0,4,2
2025-02-05 05:00:00,0,5,2
2025-02-05 06:00:00,18,6,2
2025-02-05 07:00:00,36,7,2
2025-02-05 08:00:00,49,8,2
2025-02-05 09:00:00,93,9,2
2025-02-05 10:00:00,113,10,2
2025-02-05 11:00:00,114,11,2
2025-02-05 12:00:00,55,12,2
2025-02-05 13:00:00,53,13,2
2025-02-05 14:00:00,76,14,2
2025-02-05 15:00:00,125,15,2
2025-02-05 16:00:00,177,16,2
2025-02-05 17:00:00,238,17,2
2025-02-05 18:00:00,36,18,2
2025-02-05 19:00:00,0,19,2
2025-02-05 20:00:00,0,20,2
2025-02-05 21:00:00,0,21,2
2025-02-05 22:00:00,0,22,2
2025-02-05 23:00:00,0,23,2
2025-02-06 00:00:00,0,0,3
2025-02-06 01:00:00,0,1,3
2025-02-06 02:00:00,0,2,3
2025-02-06 03:00:00,0,3,3
2025-02-06 04:00:00,0,4,3
2025-02-06 05:00:00,0,5,3
2025-02-06 06:00:00,22,6,3
2025-02-06 07:00:00,24,7,3
2025-02-06 08:00:00,59,8,3
2025-02-06 09:00:00,77,9,3
2025-02-06 10:00:00,137,10,3
2025-02-06 11:00:00,103,11,3
2025-02-06 12:00:00,70,12,3
2025-02-06 13:00:00,38,13,3
2025-02-06 14:00:00,75,14,3
2025-02-06 15:00:00,111,15,3
2025-02-06 16:00:00,184,16,3
2025-02-06 17:00:00,234,17,3
2025-02-06 18:00:00,38,18,3
2025-02-06 19:00:00,0,19,3
2025-02-06 20:00:00,0,20,3
2025-02-06 21:00:00,0,21,3
2025-02-06 22:00:00,0,22,3
2025-02-06 23:00:00,0,23,3
2025-02-07 00:00:00,0,0,4
2025-02-07 01:00:00,0,1,4
2025-02-07 02:00:00,0,2,4
2025-02-07 03:00:00,0,3,4
2025-02-07 04:00:00,0,4,4
2025-02-07 05:00:00,0,5,4
2025-02-07 06:00:00,18,6,4
2025-02-07 07:00:00,26,7,4
2025-02-07 08:00:00,54,8,4
2025-02-07 09:00:00,107,9,4
2025-02-07 10:00:00,134,10,4
2025-02-07 11:00:00,115,11,4
2025-02-07 12:00:00,76,12,4
2025-02-07 13:00:00,63,13,4
2025-02-07 14:00:00,99,14,4
2025-02-07 15:00:00,158,15,4
2025-02-07 16:00:00,196,16,4
2025-02-07 17:00:00,258,17,4
2025-02-07 18:00:00,38,18,4
2025-02-07 19:00:00,0,19,4
2025-02-07 20:00:00,0,20,4
2025-02-07 21:00:00,0,21,4
2025-02-07 22:00:00,0,22,4
2025-02-07 23:00:00,0,23,4
2025-02-08 00:00:00,0,0,5
2025-02-08 01:00:00,0,1,5
2025-02-08 02:00:00,0,2,5
2025-02-08 03:00:00,0,3,5
2025-02-08 04:00:00,0,4,5
2025-02-08 05:00:00,0,5,5
2025-02-08 06:00:00,0,6,5
2025-02-08 07:00:00,0,7,5
2025-02-08 08:00:00,0,8,5
2025-02-08 09:00:00,0,9,5
2025-02-08 10:00:00,0,10,5
2025-02-08 11:00:00,0,11,5
2025-02-08 12:00:00,0,12,5
2025-02-08 13:00:00,0,13,5
2025-02-08 14:00:00,0,14,5
2025-02-08 15:00:00,0,15,5
2025-02-08 16:00:00,0,16,5
2025-02-08 17:00:00,0,17,5
2025-02-08 18:00:00,0,18,5
2025-02-08 19:00:00,0,19,5
2025-02-08 20:00:00,0,20,5
2025-02-08 21:00:00,0,21,5
2025-02-08 22:00:00,0,22,5
2025-02-08 23:00:00,0,23,5
2025-02-09 00:00:00,0,0,6
2025-02-09 01:00:00,0,1,6
2025-02-09 02:00:00,0,2,6
2025-02-09 03:00:00,0,3,6
2025-02-09 04:00:00,0,4,6
2025-02-09 05:00:00,0,5,6
2025-02-09 06:00:00,0,6,6
2025-02-09 07:00:00,0,7,6
2025-02-09 08:00:00,0,8,6
2025-02-09 09:00:00,0,9,6
2025-02-09 10:00:00,0,10,6
2025-02-09 11:00:00,0,11,6
2025-02-09 12:00:00,0,12,6
2025-02-09 13:00:00,0,13,6
2025-02-09 14:00:00,0,14,6
2025-02-09 15:00:00,0,15,6
2025-02-09 16:00:00,0,16,6
2025-02-09 17:00:00,0,17,6
2025-02-09 18:00:00,0,18,6
2025-02-09 19:00:00,0,19,6
2025-02-09 20:00:00,0,20,6
2025-02-09 21:00:00,0,21,6
2025-02-09 22:00:00,0,22,6
2025-02-09 23:00:00,0,23,6
2025-02-10 00:00:00,0,0,0
2025-02-10 01:00:00,0,1,0
2025-02-10 02:00:00,0,2,0
2025-02-10 03:00:00,0,3,0
2025-02-10 04:00:00,0,4,0
2025-02-10 05:00:00,0,5,0
2025-02-10 06:00:00,19,6,0
2025-02-10 07:00:00,53,7,0
2025-02-10 08:00:00,66,8,0
2025-02-10 09:00:00,105,9,0
2025-02-10 10:00:00,158,10,0
2025-02-10 11:00:00,105,11,0
2025-02-10 12:00:00,74,12,0
2025-02-10 13:00:00,71,13,0
2025-02-10 14:00:00,104,14,0
2025-02-10 15:00:00,197,15,0
2025-02-10 16:00:00,219,16,0
2025-02-10 17:00:00,288,17,0
2025-02-10 18:00:00,47,18,0
2025-02-10 19:00:00,0,19,0
2025-02-10 20:00:00,0,20,0
2025-02-10 21:00:00,0,21,0
2025-02-10 22:00:00,0,22,0
2025-02-10 23:00:00,0,23,0
2025-02-11 00:00:00,0,0,1
2025-02-11 01:00:00,0,1,1
2025-02-11 02:00:00,0,2,1
2025-02-11 03:00:00,0,3,1
2025-02-11 04:00:00,0,4,1
2025-02-11 05:00:00,0,5,1
2025-02-11 06:00:00,19,6,1
2025-02-11 07:00:00,41,7,1
2025-02-11 08:00:00,58,8,1
2025-02-11 09:00:00,97,9,1
2025-02-11 10:00:00,110,10,1
2025-02-11 11:00:00,93,11,1
2025-02-11 12:00:00,62,12,1
2025-02-11 13:00:00,56,13,1
2025-02-11 14:00:00,80,14,1
2025-02-11 15:00:00,143,15,1
2025-02-11 16:00:00,184,16,1
2025-02-11 17:00:00,222,17,1
2025-02-11 18:00:00,26,18,1
2025-02-11 19:00:00,0,19,1
2025-02-11 20:00:00,0,20,1
2025-02-11 21:00:00,0,21,1
2025-02-11 22:00:00,0,22,1
2025-02-11 23:00:00,0,23,1
2025-02-12 00:00:00,0,0,2
2025-02-12 01:00:00,0,1,2
2025-02-12 02:00:00,0,2,2
2025-02-12 03:00:00,0,3,2
2025-02-12 04:00:00,0,4,2
2025-02-12 05:00:00,0,5,2
2025-02-12 06:00:00,15,6,2
2025-02-12 07:00:00,26,7,2
2025-02-12 08:00:00,60,8,2
2025-02-12 09:00:00,82,9,2
2025-02-12 10:00:00,107,10,2
2025-02-12 11:00:00,72,11,2
2025-02-12 12:00:00,79,12,2
2025-02-12 13:00:00,62,13,2
2025-02-12 14:00:00,81,14,2
2025-02-12 15:00:00,149,15,2
2025-02-12 16:00:00,201,16,2
2025-02-12 17:00:00,228,17,2
2025-02-12 18:00:00,36,18,2
2025-02-12 19:00:00,0,19,2
2025-02-12 20:00:00,0,20,2
2025-02-12 21:00:00,0,21,2
2025-02-12 22:00:00,0,22,2
2025-02-12 23:00:00,0,23,2
2025-02-13 00:00:00,0,0,3
2025-02-13 01:00:00,0,1,3
2025-02-13 02:00:00,0,2,3
2025-02-13 03:00:00,0,3,3
2025-02-13 04:00:00,0,4,3
2025-02-13 05:00:00,0,5,3
2025-02-13 06:00:00,21,6,3
2025-02-13 07:00:00,27,7,3
2025-02-13 08:00:00,47,8,3
2025-02-13 09:00:00,88,9,3
2025-02-13 10:00:00,121,10,3
2025-02-13 11:00:00,74,11,3
2025-02-13 12:00:00,85,12,3
2025-02-13 13:00:00,50,13,3
2025-02-13 14:00:00,72,14,3
2025-02-13 15:00:00,156,15,3
2025-02-13 16:00:00,173,16,3
2025-02-13 17:00:00,231,17,3
2025-02-13 18:00:00,24,18,3
2025-02-13 19:00:00,0,19,3
2025-02-13 20:00:00,0,20,3
2025-02-13 21:00:00,0,21,3
2025-02-13 22:00:00,0,22,3
2025-02-13 23:00:00,0,23,3
2025-02-14 00:00:00,0,0,4
2025-02-14 01:00:00,0,1,4
2025-02-14 02:00:00,0,2,4
2025-02-14 03:00:00,0,3,4
2025-02-14 04:00:00,0,4,4
2025-02-14 05:00:00,0,5,4
2025-02-14 06:00:00,23,6,4
2025-02-14 07:00:00,25,7,4
2025-02-14 08:00:00,65,8,4
2025-02-14 09:00:00,106,9,4
2025-02-14 10:00:00,116,10,4
2025-02-14 11:00:00,111,11,4
2025-02-14 12:00:00,66,12,4
2025-02-14 13:00:00,65,13,4
2025-02-14 14:00:00,87,14,4
2025-02-14 15:00:00,137,15,4
2025-02-14 16:00:00,214,16,4
2025-02-14 17:00:00,276,17,4
2025-02-14 18:00:00,30,18,4
2025-02-14 19:00:00,0,19,4
2025-02-14 20:00:00,0,20,4
2025-02-14 21:00:00,0,21,4
2025-02-14 22:00:00,0,22,4
2025-02-14 23:00:00,0,23,4
2025-02-15 00:00:00,0,0,5
2025-02-15 01:00:00,0,1,5
2025-02-15 02:00:00,0,2,5
2025-02-15 03:00:00,0,3,5
2025-02-15 04:00:00,0,4,5
2025-02-15 05:00:00,0,5,5
2025-02-15 06:00:00,0,6,5
2025-02-15 07:00:00,0,7,5
2025-02-15 08:00:00,0,8,5
2025-02-15 09:00:00,0,9,5
2025-02-15 10:00:00,0,10,5
2025-02-15 11:00:00,0,11,5
2025-02-15 12:00:00,0,12,5
2025-02-15 13:00:00,0,13,5
2025-02-15 14:00:00,0,14,5
2025-02-15 15:00:00,0,15,5
2025-02-15 16:00:00,0,16,5
2025-02-15 17:00:00,0,17,5
2025-02-15 18:00:00,0,18,5
2025-02-15 19:00:00,0,19,5
2025-02-15 20:00:00,0,20,5
2025-02-15 21:00:00,0,21,5
2025-02-15 22:00:00,0,22,5
2025-02-15 23:00:00,0,23,5
2025-02-16 00:00:00,0,0,6
2025-02-16 01:00:00,0,1,6
2025-02-16 02:00:00,0,2,6
2025-02-16 03:00:00,0,3,6
2025-02-16 04:00:00,0,4,6
2025-02-16 05:00:00,0,5,6
2025-02-16 06:00:00,0,6,6
2025-02-16 07:00:00,0,7,6
2025-02-16 08:00:00,0,8,6
2025-02-16 09:00:00,0,9,6
2025-02-16 10:00:00,0,10,6
2025-02-16 11:00:00,0,11,6
2025-02-16 12:00:00,0,12,6
2025-02-16 13:00:00,0,13,6
2025-02-16 14:00:00,0,14,6
2025-02-16 15:00:00,0,15,6
2025-02-16 16:00:00,0,16,6
2025-02-16 17:00:00,0,17,6
2025-02-16 18:00:00,0,18,6
2025-02-16 19:00:00,0,19,6
2025-02-16 20:00:00,0,20,6
2025-02-16 21:00:00,0,21,6
2025-02-16 22:00:00,0,22,6
2025-02-16 23:00:00,0,23,6
2025-02-17 00:00:00,0,0,0
2025-02-17 01:00:00,0,1,0
2025-02-17 02:00:00,0,2,0
2025-02-17 03:00:00,0,3,0
2025-02-17 04:00:00,0,4,0
2025-02-17 05:00:00,0,5,0
2025-02-17 06:00:00,27,6,0
2025-02-17 07:00:00,42,7,0
2025-02-17 08:00:00,78,8,0
2025-02-17 09:00:00,96,9,0
2025-02-17 10:00:00,134,10,0
2025-02-17 11:00:00,100,11,0
2025-02-17 12:00:00,68,12,0
2025-02-17 13:00:00,69,13,0
2025-02-17 14:00:00,96,14,0
2025-02-17 15:00:00,167,15,0
2025-02-17 16:00:00,224,16,0
2025-02-17 17:00:00,296,17,0
2025-02-17 18:00:00,35,18,0
2025-02-17 19:00:00,0,19,0
2025-02-17 20:00:00,0,20,0
2025-02-17 21:00:00,0,21,0
2025-02-17 22:00:00,0,22,0
2025-02-17 23:00:00,0,23,0
2025-02-18 00:00:00,0,0,1
2025-02-18 01:00:00,0,1,1
2025-02-18 02:00:00,0,2,1
2025-02-18 03:00:00,0,3,1
2025-02-18 04:00:00,0,4,1
2025-02-18 05:00:00,0,5,1
2025-02-18 06:00:00,17,6,1
2025-02-18 07:00:00,21,7,1
2025-02-18 08:00:00,50,8,1
2025-02-18 09:00:00,80,9,1
2025-02-18 10:00:00,112,10,1
2025-02-18 11:00:00,102,11,1
2025-02-18 12:00:00,60,12,1
2025-02-18 13:00:00,70,13,1
2025-02-18 14:00:00,77,14,1
2025-02-18 15:00:00,122,15,1
2025-02-18 16:00:00,186,16,1
2025-02-18 17:00:00,229,17,1
2025-02-18 18:00:00,40,18,1
2025-02-18 19:00:00,0,19,1
2025-02-18 20:00:00,0,20,1
2025-02-18 21:00:00,0,21,1
2025-02-18 22:00:00,0,22,1
2025-02-18 23:00:00,0,23,1
2025-02-19 00:00:00,0,0,2
2025-02-19 01:00:00,0,1,2
2025-02-19 02:00:00,0,2,2
2025-02-19 03:00:00,0,3,2
2025-02-19 04:00:00,0,4,2
2025-02-19 05:00:00,0,5,2
2025-02-19 06:00:00,12,6,2
2025-02-19 07:00:00,27,7,2
2025-02-19 08:00:00,65,8,2
2025-02-19 09:00:00,64,9,2
2025-02-19 10:00:00,96,10,2
2025-02-19 11:00:00,101,11,2
2025-02-19 12:00:00,70,12,2
2025-02-19 13:00:00,63,13,2
2025-02-19 14:00:00,80,14,2
2025-02-19 15:00:00,126,15,2
2025-02-19 16:00:00,182,16,2
2025-02-19 17:00:00,219,17,2
2025-02-19 18:00:00,25,18,2
2025-02-19 19:00:00,0,19,2
2025-02-19 20:00:00,0,20,2
2025-02-19 21:00:00,0,21,2
2025-02-19 22:00:00,0,22,2
2025-02-19 23:00:00,0,23,2
2025-02-20 00:00:00,0,0,3
2025-02-20 01:00:00,0,1,3
2025-02-20 02:00:00,0,2,3
2025-02-20 03:00:00,0,3,3
2025-02-20 04:00:00,0,4,3
2025-02-20 05:00:00,0,5,3
2025-02-20 06:00:00,20,6,3
2025-02-20 07:00:00,25,7,3
2025-02-20 08:00:00,58,8,3
2025-02-20 09:00:00,67,9,3
2025-02-20 10:00:00,102,10,3
2025-02-20 11:00:00,79,11,3
2025-02-20 12:00:00,71,12,3
2025-02-20 13:00:00,64,13,3
2025-02-20 14:00:00,81,14,3
2025-02-20 15:00:00,128,15,3
2025-02-20 16:00:00,172,16,3
2025-02-20 17:00:00,235,17,3
2025-02-20 18:00:00,41,18,3
2025-02-20 19:00:00,0,19,3
2025-02-20 20:00:00,0,20,3
2025-02-20 21:00:00,0,21,3
2025-02-20 22:00:00,0,22,3
2025-02-20 23:00:00,0,23,3
2025-02-21 00:00:00,0,0,4
2025-02-21 01:00:00,0,1,4
2025-02-21 02:00:00,0,2,4
2025-02-21 03:00:00,0,3,4
2025-02-21 04:00:00,0,4,4
2025-02-21 05:00:00,0,5,4
2025-02-21 06:00:00,20,6,4
2025-02-21 07:00:00,34,7,4
2025-02-21 08:00:00,49,8,4
2025-02-21 09:00:00,93,9,4
2025-02-21 10:00:00,135,10,4
2025-02-21 11:00:00,119,11,4
2025-02-21 12:00:00,71,12,4
2025-02-21 13:00:00,51,13,4
2025-02-21 14:00:00,78,14,4
2025-02-21 15:00:00,154,15,4
2025-02-21 16:00:00,226,16,4
2025-02-21 17:00:00,229,17,4
2025-02-21 18:00:00,30,18,4
2025-02-21 19:00:00,0,19,4
2025-02-21 20:00:00,0,20,4
2025-02-21 21:00:00,0,21,4
2025-02-21 22:00:00,0,22,4
2025-02-21 23:00:00,0,23,4
2025-02-22 00:00:00,0,0,5
2025-02-22 01:00:00,0,1,5
2025-02-22 02:00:00,0,2,5
2025-02-22 03:00:00,0,3,5
2025-02-22 04:00:00,0,4,5
2025-02-22 05:00:00,0,5,5
2025-02-22 06:00:00,0,6,5
2025-02-22 07:00:00,0,7,5
2025-02-22 08:00:00,0,8,5
2025-02-22 09:00:00,0,9,5
2025-02-22 10:00:00,0,10,5
2025-02-22 11:00:00,0,11,5
2025-02-22 12:00:00,0,12,5
2025-02-22 13:00:00,0,13,5
2025-02-22 14:00:00,0,14,5
2025-02-22 15:00:00,0,15,5
2025-02-22 16:00:00,0,16,5
2025-02-22 17:00:00,0,17,5
2025-02-22 18:00:00,0,18,5
2025-02-22 19:00:00,0,19,5
2025-02-22 20:00:00,0,20,5
2025-02-22 21:00:00,0,21,5
2025-02-22 22:00:00,0,22,5
2025-02-22 23:00:00,0,23,5
2025-02-23 00:00:00,0,0,6
2025-02-23 01:00:00,0,1,6
2025-02-23 02:00:00,0,2,6
2025-02-23 03:00:00,0,3,6
2025-02-23 04:00:00,0,4,6
2025-02-23 05:00:00,0,5,6
2025-02-23 06:00:00,0,6,6
2025-02-23 07:00:00,0,7,6
2025-02-23 08:00:00,0,8,6
2025-02-23 09:00:00,0,9,6
2025-02-23 10:00:00,0,10,6
2025-02-23 11:00:00,0,11,6
2025-02-23 12:00:00,0,12,6
2025-02-23 13:00:00,0,13,6
2025-02-23 14:00:00,0,14,6
2025-02-23 15:00:00,0,15,6
2025-02-23 16:00:00,0,16,6
2025-02-23 17:00:00,0,17,6
2025-02-23 18:00:00,0,18,6
2025-02-23 19:00:00,0,19,6
2025-02-23 20:00:00,0,20,6
2025-02-23 21:00:00,0,21,6
2025-02-23 22:00:00,0,22,6
2025-02-23 23:00:00,0,23,6
2025-02-24 00:00:00,0,0,0
2025-02-24 01:00:00,0,1,0
2025-02-24 02:00:00,0,2,0
2025-02-24 03:00:00,0,3,0
2025-02-24 04:00:00,0,4,0
2025-02-24 05:00:00,0,5,0
2025-02-24 06:00:00,18,6,0
2025-02-24 07:00:00,34,7,0
2025-02-24 08:00:00,58,8,0
2025-02-24 09:00:00,116,9,0
2025-02-24 10:00:00,134,10,0
2025-02-24 11:00:00,92,11,0
2025-02-24 12:00:00,80,12,0
2025-02-24 13:00:00,76,13,0
2025-02-24 14:00:00,104,14,0
2025-02-24 15:00:00,178,15,0
2025-02-24 16:00:00,214,16,0
2025-02-24 17:00:00,276,17,0
2025-02-24 18:00:00,35,18,0
2025-02-24 19:00:00,0,19,0
2025-02-24 20:00:00,0,20,0
2025-02-24 21:00:00,0,21,0
2025-02-24 22:00:00,0,22,0
2025-02-24 23:00:00,0,23,0
2025-02-25 00:00:00,0,0,1
2025-02-25 01:00:00,0,1,1
2025-02-25 02:00:00,0,2,1
2025-02-25 03:00:00,0,3,1
2025-02-25 04:00:00,0,4,1
2025-02-25 05:00:00,0,5,1
2025-02-25 06:00:00,16,6,1
2025-02-25 07:00:00,26,7,1
2025-02-25 08:00:00,53,8,1
2025-02-25 09:00:00,80,9,1
2025-02-25 10:00:00,119,10,1
2025-02-25 11:00:00,89,11,1
2025-02-25 12:00:00,71,12,1
2025-02-25 13:00:00,60,13,1
2025-02-25 14:00:00,75,14,1
2025-02-25 15:00:00,148,15,1
2025-02-25 16:00:00,177,16,1
2025-02-25 17:00:00,227,17,1
2025-02-25 18:00:00,39,18,1
2025-02-25 19:00:00,0,19,1
2025-02-25 20:00:00,0,20,1
2025-02-25 21:00:00,0,21,1
2025-02-25 22:00:00,0,22,1
2025-02-25 23:00:00,0,23,1
2025-02-26 00:00:00,0,0,2
2025-02-26 01:00:00,0,1,2
2025-02-26 02:00:00,0,2,2
2025-02-26 03:00:00,0,3,2
2025-02-26 04:00:00,0,4,2
2025-02-26 05:00:00,0,5,2
2025-02-26 06:00:00,27,6,2
2025-02-26 07:00:00,37,7,2
2025-02-26 08:00:00,65,8,2
2025-02-26 09:00:00,89,9,2
2025-02-26 10:00:00,109,10,2
2025-02-26 11:00:00,83,11,2
2025-02-26 12:00:00,82,12,2
2025-02-26 13:00:00,60,13,2
2025-02-26 14:00:00,72,14,2
2025-02-26 15:00:00,130,15,2
2025-02-26 16:00:00,190,16,2
2025-02-26 17:00:00,220,17,2
2025-02-26 18:00:00,37,18,2
2025-02-26 19:00:00,0,19,2
2025-02-26 20:00:00,0,20,2
2025-02-26 21:00:00,0,21,2
2025-02-26 22:00:00,0,22,2
2025-02-26 23:00:00,0,23,2
2025-02-27 00:00:00,0,0,3
2025-02-27 01:00:00,0,1,3
2025-02-27 02:00:00,0,2,3
2025-02-27 03:00:00,0,3,3
2025-02-27 04:00:00,0,4,3
2025-02-27 05:00:00,0,5,3
2025-02-27 06:00:00,13,6,3
2025-02-27 07:00:00,24,7,3
2025-02-27 08:00:00,50,8,3
2025-02-27 09:00:00,75,9,3
2025-02-27 10:00:00,129,10,3
2025-02-27 11:00:00,90,11,3
2025-02-27 12:00:00,64,12,3
2025-02-27 13:00:00,59,13,3
2025-02-27 14:00:00,84,14,3
2025-02-27 15:00:00,143,15,3
2025-02-27 16:00:00,170,16,3
2025-02-27 17:00:00,235,17,3
2025-02-27 18:00:00,40,18,3
2025-02-27 19:00:00,0,19,3
2025-02-27 20:00:00,0,20,3
2025-02-27 21:00:00,0,21,3
2025-02-27 22:00:00,0,22,3
2025-02-27 23:00:00,0,23,3
2025-02-28 00:00:00,0,0,4
2025-02-28 01:00:00,0,1,4
2025-02-28 02:00:00,0,2,4
2025-02-28 03:00:00,0,3,4
2025-02-28 04:00:00,0,4,4
2025-02-28 05:00:00,0,5,4
2025-02-28 06:00:00,26,6,4
2025-02-28 07:00:00,40,7,4
2025-02-28 08:00:00,75,8,4
2025-02-28 09:00:00,142,9,4
2025-02-28 10:00:00,202,10,4
2025-02-28 11:00:00,162,11,4
2025-02-28 12:00:00,118,12,4
2025-02-28 13:00:00,85,13,4
2025-02-28 14:00:00,122,14,4
2025-02-28 15:00:00,228,15,4
2025-02-28 16:00:00,301,16,4
2025-02-28 17:00:00,379,17,4
2025-02-28 18:00:00,57,18,4
2025-02-28 19:00:00,0,19,4
2025-02-28 20:00:00,0,20,4
2025-02-28 21:00:00,0,21,4
2025-02-28 22:00:00,0,22,4
2025-02-28 23:00:00,0,23,4
2025-03-01 00:00:00,0,0,5
2025-03-01 01:00:00,0,1,5
2025-03-01 02:00:00,0,2,5
2025-03-01 03:00:00,0,3,5
2025-03-01 04:00:00,0,4,5
2025-03-01 05:00:00,0,5,5
2025-03-01 06:00:00,0,6,5
2025-03-01 07:00:00,0,7,5
2025-03-01 08:00:00,0,8,5
2025-03-01 09:00:00,0,9,5
2025-03-01 10:00:00,0,10,5
2025-03-01 11:00:00,0,11,5
2025-03-01 12:00:00,0,12,5
2025-03-01 13:00:00,0,13,5
2025-03-01 14:00:00,0,14,5
2025-03-01 15:00:00,0,15,5
2025-03-01 16:00:00,0,16,5
2025-03-01 17:00:00,0,17,5
2025-03-01 18:00:00,0,18,5
2025-03-01 19:00:00,0,19,5
2025-03-01 20:00:00,0,20,5
2025-03-01 21:00:00,0,21,5
2025-03-01 22:00:00,0,22,5
2025-03-01 23:00:00,0,23,5
2025-03-02 00:00:00,0,0,6
2025-03-02 01:00:00,0,1,6
2025-03-02 02:00:00,0,2,6
2025-03-02 03:00:00,0,3,6
2025-03-02 04:00:00,0,4,6
2025-03-02 05:00:00,0,5,6
2025-03-02 06:00:00,0,6,6
2025-03-02 07:00:00,0,7,6
2025-03-02 08:00:00,0,8,6
2025-03-02 09:00:00,0,9,6
2025-03-02 10:00:00,0,10,6
2025-03-02 11:00:00,0,11,6
2025-03-02 12:00:00,0,12,6
2025-03-02 13:00:00,0,13,6
2025-03-02 14:00:00,0,14,6
2025-03-02 15:00:00,0,15,6
2025-03-02 16:00:00,0,16,6
2025-03-02 17:00:00,0,17,6
2025-03-02 18:00:00,0,18,6
2025-03-02 19:00:00,0,19,6
2025-03-02 20:00:00,0,20,6
2025-03-02 21:00:00,0,21,6
2025-03-02 22:00:00,0,22,6
2025-03-02 23:00:00,0,23,6
2025-03-03 00:00:00,0,0,0
2025-03-03 01:00:00,0,1,0
2025-03-03 02:00:00,0,2,0
2025-03-03 03:00:00,0,3,0
2025-03-03 04:00:00,0,4,0
2025-03-03 05:00:00,0,5,0
2025-03-03 06:00:00,23,6,0
2025-03-03 07:00:00,52,7,0
2025-03-03 08:00:00,55,8,0
2025-03-03 09:00:00,108,9,0
2025-03-03 10:00:00,148,10,0
2025-03-03 11:00:00,119,11,0
2025-03-03 12:00:00,93,12,0
2025-03-03 13:00:00,74,13,0
2025-03-03 14:00:00,83,14,0
2025-03-03 15:00:00,165,15,0
2025-03-03 16:00:00,244,16,0
2025-03-03 17:00:00,264,17,0
2025-03-03 18:00:00,39,18,0
2025-03-03 19:00:00,0,19,0
2025-03-03 20:00:00,0,20,0
2025-03-03 21:00:00,0,21,0
2025-03-03 22:00:00,0,22,0
2025-03-03 23:00:00,0,23,0
2025-03-04 00:00:00,0,0,1
2025-03-04 01:00:00,0,1,1
2025-03-04 02:00:00,0,2,1
2025-03-04 03:00:00,0,3,1
2025-03-04 04:00:00,0,4,1
2025-03-04 05:00:00,0,5,1
2025-03-04 06:00:00,15,6,1
2025-03-04 07:00:00,27,7,1
2025-03-04 08:00:00,58,8,1
2025-03-04 09:00:00,84,9,1
2025-03-04 10:00:00,118,10,1
2025-03-04 11:00:00,81,11,1
2025-03-04 12:00:00,71,12,1
2025-03-04 13:00:00,68,13,1
2025-03-04 14:00:00,76,14,1
2025-03-04 15:00:00,139,15,1
2025-03-04 16:00:00,182,16,1
2025-03-04 17:00:00,213,17,1
2025-03-04 18:00:00,31,18,1
2025-03-04 19:00:00,0,19,1
2025-03-04 20:00:00,0,20,1
2025-03-04 21:00:00,0,21,1
2025-03-04 22:00:00,0,22,1
2025-03-04 23:00:00,0,23,1
2025-03-05 00:00:00,0,0,2
2025-03-05 01:00:00,0,1,2
2025-03-05 02:00:00,0,2,2
2025-03-05 03:00:00,0,3,2
2025-03-05 04:00:00,0,4,2
2025-03-05 05:00:00,0,5,2
2025-03-05 06:00:00,12,6,2
2025-03-05 07:00:00,29,7,2
2025-03-05 08:00:00,62,8,2
2025-03-05 09:00:00,85,9,2
2025-03-05 10:00:00,109,10,2
2025-03-05 11:00:00,104,11,2
2025-03-05 12:00:00,57,12,2
2025-03-05 13:00:00,65,13,2
2025-03-05 14:00:00,81,14,2
2025-03-05 15:00:00,141,15,2
2025-03-05 16:00:00,202,16,2
2025-03-05 17:00:00,231,17,2
2025-03-05 18:00:00,32,18,2
2025-03-05 19:00:00,0,19,2
2025-03-05 20:00:00,0,20,2
2025-03-05 21:00:00,0,21,2
2025-03-05 22:00:00,0,22,2
2025-03-05 23:00:00,0,23,2
2025-03-06 00:00:00,0,0,3
2025-03-06 01:00:00,0,1,3
2025-03-06 02:00:00,0,2,3
2025-03-06 03:00:00,0,3,3
2025-03-06 04:00:00,0,4,3
2025-03-06 05:00:00,0,5,3
2025-03-06 06:00:00,17,6,3
2025-03-06 07:00:00,28,7,3
2025-03-06 08:00:00,52,8,3
2025-03-06 09:00:00,90,9,3
2025-03-06 10:00:00,124,10,3
2025-03-06 11:00:00,86,11,3
2025-03-06 12:00:00,66,12,3
2025-03-06 13:00:00,48,13,3
2025-03-06 14:00:00,87,14,3
2025-03-06 15:00:00,134,15,3
2025-03-06 16:00:00,171,16,3
2025-03-06 17:00:00,233,17,3
2025-03-06 18:00:00,30,18,3
2025-03-06 19:00:00,0,19,3
2025-03-06 20:00:00,0,20,3
2025-03-06 21:00:00,0,21,3
2025-03-06 22:00:00,0,22,3
2025-03-06 23:00:00,0,23,3
2025-03-07 00:00:00,0,0,4
2025-03-07 01:00:00,0,1,4
2025-03-07 02:00:00,0,2,4
2025-03-07 03:00:00,0,3,4
2025-03-07 04:00:00,0,4,4
2025-03-07 05:00:00,0,5,4
2025-03-07 06:00:00,20,6,4
2025-03-07 07:00:00,36,7,4
2025-03-07 08:00:00,57,8,4
2025-03-07 09:00:00,85,9,4
2025-03-07 10:00:00,152,10,4
2025-03-07 11:00:00,95,11,4
2025-03-07 12:00:00,77,12,4
2025-03-07 13:00:00,66,13,4
2025-03-07 14:00:00,80,14,4
2025-03-07 15:00:00,136,15,4
2025-03-07 16:00:00,229,16,4
2025-03-07 17:00:00,267,17,4
2025-03-07 18:00:00,36,18,4
2025-03-07 19:00:00,0,19,4
2025-03-07 20:00:00,0,20,4
2025-03-07 21:00:00,0,21,4
2025-03-07 22:00:00,0,22,4
2025-03-07 23:00:00,0,23,4
2025-03-08 00:00:00,0,0,5
2025-03-08 01:00:00,0,1,5
2025-03-08 02:00:00,0,2,5
2025-03-08 03:00:00,0,3,5
2025-03-08 04:00:00,0,4,5
2025-03-08 05:00:00,0,5,5
2025-03-08 06:00:00,0,6,5
2025-03-08 07:00:00,0,7,5
2025-03-08 08:00:00,0,8,5
2025-03-08 09:00:00,0,9,5
2025-03-08 10:00:00,0,10,5
2025-03-08 11:00:00,0,11,5
2025-03-08 12:00:00,0,12,5
2025-03-08 13:00:00,0,13,5
2025-03-08 14:00:00,0,14,5
2025-03-08 15:00:00,0,15,5
2025-03-08 16:00:00,0,16,5
2025-03-08 17:00:00,0,17,5
2025-03-08 18:00:00,0,18,5
2025-03-08 19:00:00,0,19,5
2025-03-08 20:00:00,0,20,5
2025-03-08 21:00:00,0,21,5
2025-03-08 22:00:00,0,22,5
2025-03-08 23:00:00,0,23,5
2025-03-09 00:00:00,0,0,6
2025-03-09 01:00:00,0,1,6
2025-03-09 02:00:00,0,2,6
2025-03-09 03:00:00,0,3,6
2025-03-09 04:00:00,0,4,6
2025-03-09 05:00:00,0,5,6
2025-03-09 06:00:00,0,6,6
2025-03-09 07:00:00,0,7,6
2025-03-09 08:00:00,0,8,6
2025-03-09 09:00:00,0,9,6
2025-03-09 10:00:00,0,10,6
2025-03-09 11:00:00,0,11,6
2025-03-09 12:00:00,0,12,6
2025-03-09 13:00:00,0,13,6
2025-03-09 14:00:00,0,14,6
2025-03-09 15:00:00,0,15,6
2025-03-09 16:00:00,0,16,6
2025-03-09 17:00:00,0,17,6
2025-03-09 18:00:00,0,18,6
2025-03-09 19:00:00,0,19,6
2025-03-09 20:00:00,0,20,6
2025-03-09 21:00:00,0,21,6
2025-03-09 22:00:00,0,22,6
2025-03-09 23:00:00,0,23,6
2025-03-10 00:00:00,0,0,0
2025-03-10 01:00:00,0,1,0
2025-03-10 02:00:00,0,2,0
2025-03-10 03:00:00,0,3,0
2025-03-10 04:00:00,0,4,0
2025-03-10 05:00:00,0,5,0
2025-03-10 06:00:00,15,6,0
2025-03-10 07:00:00,36,7,0
2025-03-10 08:00:00,61,8,0
2025-03-10 09:00:00,110,9,0
2025-03-10 10:00:00,129,10,0
2025-03-10 11:00:00,97,11,0
2025-03-10 12:00:00,80,12,0
2025-03-10 13:00:00,73,13,0
2025-03-10 14:00:00,96,14,0
2025-03-10 15:00:00,169,15,0
2025-03-10 16:00:00,253,16,0
2025-03-10 17:00:00,271,17,0
2025-03-10 18:00:00,47,18,0
2025-03-10 19:00:00,0,19,0
2025-03-10 20:00:00,0,20,0
2025-03-10 21:00:00,0,21,0
2025-03-10 22:00:00,0,22,0
2025-03-10 23:00:00,0,23,0
2025-03-11 00:00:00,0,0,1
2025-03-11 01:00:00,0,1,1
2025-03-11 02:00:00,0,2,1
2025-03-11 03:00:00,0,3,1
2025-03-11 04:00:00,0,4,1
2025-03-11 05:00:00,0,5,1
2025-03-11 06:00:00,9,6,1
2025-03-11 07:00:00,27,7,1
2025-03-11 08:00:00,61,8,1
2025-03-11 09:00:00,79,9,1
2025-03-11 10:00:00,99,10,1
2025-03-11 11:00:00,111,11,1
2025-03-11 12:00:00,56,12,1
2025-03-11 13:00:00,48,13,1
2025-03-11 14:00:00,80,14,1
2025-03-11 15:00:00,129,15,1
2025-03-11 16:00:00,191,16,1
2025-03-11 17:00:00,225,17,1
2025-03-11 18:00:00,33,18,1
2025-03-11 19:00:00,0,19,1
2025-03-11 20:00:00,0,20,1
2025-03-11 21:00:00,0,21,1
2025-03-11 22:00:00,0,22,1
2025-03-11 23:00:00,0,23,1
2025-03-12 00:00:00,0,0,2
2025-03-12 01:00:00,0,1,2
2025-03-12 02:00:00,0,2,2
2025-03-12 03:00:00,0,3,2
2025-03-12 04:00:00,0,4,2
2025-03-12 05:00:00,0,5,2
2025-03-12 06:00:00,17,6,2
2025-03-12 07:00:00,29,7,2
2025-03-12 08:00:00,45,8,2
2025-03-12 09:00:00,65,9,2
2025-03-12 10:00:00,116,10,2
2025-03-12 11:00:00,85,11,2
2025-03-12 12:00:00,61,12,2
2025-03-12 13:00:00,55,13,2
2025-03-12 14:00:00,91,14,2
2025-03-12 15:00:00,161,15,2
2025-03-12 16:00:00,176,16,2
2025-03-12 17:00:00,227,17,2
2025-03-12 18:00:00,38,18,2
2025-03-12 19:00:00,0,19,2
2025-03-12 20:00:00,0,20,2
2025-03-12 21:00:00,0,21,2
2025-03-12 22:00:00,0,22,2
2025-03-12 23:00:00,0,23,2
2025-03-13 00:00:00,0,0,3
2025-03-13 01:00:00,0,1,3
2025-03-13 02:00:00,0,2,3
2025-03-13 03:00:00,0,3,3
2025-03-13 04:00:00,0,4,3
2025-03-13 05:00:00,0,5,3
2025-03-13 06:00:00,25,6,3
2025-03-13 07:00:00,39,7,3
2025-03-13 08:00:00,58,8,3
2025-03-13 09:00:00,82,9,3
2025-03-13 10:00:00,97,10,3
2025-03-13 11:00:00,116,11,3
2025-03-13 12:00:00,68,12,3
2025-03-13 13:00:00,53,13,3
2025-03-13 14:00:00,80,14,3
2025-03-13 15:00:00,134,15,3
2025-03-13 16:00:00,195,16,3
2025-03-13 17:00:00,236,17,3
2025-03-13 18:00:00,31,18,3
2025-03-13 19:00:00,0,19,3
2025-03-13 20:00:00,0,20,3
2025-03-13 21:00:00,0,21,3
2025-03-13 22:00:00,0,22,3
2025-03-13 23:00:00,0,23,3
2025-03-14 00:00:00,0,0,4
2025-03-14 01:00:00,0,1,4
2025-03-14 02:00:00,0,2,4
2025-03-14 03:00:00,0,3,4
2025-03-14 04:00:00,0,4,4
2025-03-14 05:00:00,0,5,4
2025-03-14 06:00:00,21,6,4
2025-03-14 07:00:00,24,7,4
2025-03-14 08:00:00,65,8,4
2025-03-14 09:00:00,92,9,4
2025-03-14 10:00:00,112,10,4
2025-03-14 11:00:00,110,11,4
2025-03-14 12:00:00,88,12,4
2025-03-14 13:00:00,72,13,4
2025-03-14 14:00:00,85,14,4
2025-03-14 15:00:00,164,15,4
2025-03-14 16:00:00,207,16,4
2025-03-14 17:00:00,271,17,4
2025-03-14 18:00:00,39,18,4
2025-03-14 19:00:00,0,19,4
2025-03-14 20:00:00,0,20,4
2025-03-14 21:00:00,0,21,4
2025-03-14 22:00:00,0,22,4
2025-03-14 23:00:00,0,23,4
2025-03-15 00:00:00,0,0,5
2025-03-15 01:00:00,0,1,5
2025-03-15 02:00:00,0,2,5
2025-03-15 03:00:00,0,3,5
2025-03-15 04:00:00,0,4,5
2025-03-15 05:00:00,0,5,5
2025-03-15 06:00:00,0,6,5
2025-03-15 07:00:00,0,7,5
2025-03-15 08:00:00,0,8,5
2025-03-15 09:00:00,0,9,5
2025-03-15 10:00:00,0,10,5
2025-03-15 11:00:00,0,11,5
2025-03-15 12:00:00,0,12,5
2025-03-15 13:00:00,0,13,5
2025-03-15 14:00:00,0,14,5
2025-03-15 15:00:00,0,15,5
2025-03-15 16:00:00,0,16,5
2025-03-15 17:00:00,0,17,5
2025-03-15 18:00:00,0,18,5
2025-03-15 19:00:00,0,19,5
2025-03-15 20:00:00,0,20,5
2025-03-15 21:00:00,0,21,5
2025-03-15 22:00:00,0,22,5
2025-03-15 23:00:00,0,23,5
2025-03-16 00:00:00,0,0,6
2025-03-16 01:00:00,0,1,6
2025-03-16 02:00:00,0,2,6
2025-03-16 03:00:00,0,3,6
2025-03-16 04:00:00,0,4,6
2025-03-16 05:00:00,0,5,6
2025-03-16 06:00:00,0,6,6
2025-03-16 07:00:00,0,7,6
2025-03-16 08:00:00,0,8,6
2025-03-16 09:00:00,0,9,6
2025-03-16 10:00:00,0,10,6
2025-03-16 11:00:00,0,11,6
2025-03-16 12:00:00,0,12,6
2025-03-16 13:00:00,0,13,6
2025-03-16 14:00:00,0,14,6
2025-03-16 15:00:00,0,15,6
2025-03-16 16:00:00,0,16,6
2025-03-16 17:00:00,0,17,6
2025-03-16 18:00:00,0,18,6
2025-03-16 19:00:00,0,19,6
2025-03-16 20:00:00,0,20,6
2025-03-16 21:00:00,0,21,6
2025-03-16 22:00:00,0,22,6
2025-03-16 23:00:00,0,23,6
2025-03-17 00:00:00,0,0,0
2025-03-17 01:00:00,0,1,0
2025-03-17 02:00:00,0,2,0
2025-03-17 03:00:00,0,3,0
2025-03-17 04:00:00,0,4,0
2025-03-17 05:00:00,0,5,0
2025-03-17 06:00:00,14,6,0
2025-03-17 07:00:00,27,7,0
2025-03-17 08:00:00,79,8,0
2025-03-17 09:00:00,89,9,0
2025-03-17 10:00:00,127,10,0
2025-03-17 11:00:00,122,11,0
2025-03-17 12:00:00,71,12,0
2025-03-17 13:00:00,73,13,0
2025-03-17 14:00:00,92,14,0
2025-03-17 15:00:00,177,15,0
2025-03-17 16:00:00,239,16,0
2025-03-17 17:00:00,282,17,0
2025-03-17 18:00:00,42,18,0
2025-03-17 19:00:00,0,19,0
2025-03-17 20:00:00,0,20,0
2025-03-17 21:00:00,0,21,0
2025-03-17 22:00:00,0,22,0
2025-03-17 23:00:00,0,23,0
2025-03-18 00:00:00,0,0,1
2025-03-18 01:00:00,0,1,1
2025-03-18 02:00:00,0,2,1
2025-03-18 03:00:00,0,3,1
2025-03-18 04:00:00,0,4,1
2025-03-18 05:00:00,0,5,1
2025-03-18 06:00:00,19,6,1
2025-03-18 07:00:00,20,7,1
2025-03-18 08:00:00,41,8,1
2025-03-18 09:00:00,87,9,1
2025-03-18 10:00:00,122,10,1
2025-03-18 11:00:00,109,11,1
2025-03-18 12:00:00,60,12,1
2025-03-18 13:00:00,53,13,1
2025-03-18 14:00:00,84,14,1
2025-03-18 15:00:00,151,15,1
2025-03-18 16:00:00,178,16,1
2025-03-18 17:00:00,229,17,1
2025-03-18 18:00:00,31,18,1
2025-03-18 19:00:00,0,19,1
2025-03-18 20:00:00,0,20,1
2025-03-18 21:00:00,0,21,1
2025-03-18 22:00:00,0,22,1
2025-03-18 23:00:00,0,23,1
2025-03-19 00:00:00,0,0,2
2025-03-19 01:00:00,0,1,2
2025-03-19 02:00:00,0,2,2
2025-03-19 03:00:00,0,3,2
2025-03-19 04:00:00,0,4,2
2025-03-19 05:00:00,0,5,2
2025-03-19 06:00:00,22,6,2
2025-03-19 07:00:00,24,7,2
2025-03-19 08:00:00,67,8,2
2025-03-19 09:00:00,84,9,2
2025-03-19 10:00:00,111,10,2
2025-03-19 11:00:00,84,11,2
2025-03-19 12:00:00,71,12,2
2025-03-19 13:00:00,68,13,2
2025-03-19 14:00:00,64,14,2
2025-03-19 15:00:00,120,15,2
2025-03-19 16:00:00,192,16,2
2025-03-19 17:00:00,230,17,2
2025-03-19 18:00:00,29,18,2
2025-03-19 19:00:00,0,19,2
2025-03-19 20:00:00,0,20,2
2025-03-19 21:00:00,0,21,2
2025-03-19 22:00:00,0,22,2
2025-03-19 23:00:00,0,23,2
2025-03-20 00:00:00,0,0,3
2025-03-20 01:00:00,0,1,3
2025-03-20 02:00:00,0,2,3
2025-03-20 03:00:00,0,3,3
2025-03-20 04:00:00,0,4,3
2025-03-20 05:00:00,0,5,3
2025-03-20 06:00:00,20,6,3
2025-03-20 07:00:00,29,7,3
2025-03-20 08:00:00,63,8,3
2025-03-20 09:00:00,87,9,3
2025-03-20 10:00:00,111,10,3
2025-03-20 11:00:00,85,11,3
2025-03-20 12:00:00,66,12,3
2025-03-20 13:00:00,48,13,3
2025-03-20 14:00:00,72,14,3
2025-03-20 15:00:00,126,15,3
2025-03-20 16:00:00,186,16,3
2025-03-20 17:00:00,268,17,3
2025-03-20 18:00:00,40,18,3
2025-03-20 19:00:00,0,19,3
2025-03-20 20:00:00,0,20,3
2025-03-20 21:00:00,0,21,3
2025-03-20 22:00:00,0,22,3
2025-03-20 23:00:00,0,23,3
2025-03-21 00:00:00,0,0,4
2025-03-21 01:00:00,0,1,4
2025-03-21 02:00:00,0,2,4
2025-03-21 03:00:00,0,3,4
2025-03-21 04:00:00,0,4,4
2025-03-21 05:00:00,0,5,4
2025-03-21 06:00:00,21,6,4
2025-03-21 07:00:00,32,7,4
2025-03-21 08:00:00,61,8,4
2025-03-21 09:00:00,85,9,4
2025-03-21 10:00:00,147,10,4
2025-03-21 11:00:00,108,11,4
2025-03-21 12:00:00,73,12,4
2025-03-21 13:00:00,65,13,4
2025-03-21 14:00:00,92,14,4
2025-03-21 15:00:00,146,15,4
2025-03-21 16:00:00,235,16,4
2025-03-21 17:00:00,226,17,4
2025-03-21 18:00:00,46,18,4
2025-03-21 19:00:00,0,19,4
2025-03-21 20:00:00,0,20,4
2025-03-21 21:00:00,0,21,4
2025-03-21 22:00:00,0,22,4
2025-03-21 23:00:00,0,23,4
2025-03-22 00:00:00,0,0,5
2025-03-22 01:00:00,0,1,5
2025-03-22 02:00:00,0,2,5
2025-03-22 03:00:00,0,3,5
2025-03-22 04:00:00,0,4,5
2025-03-22 05:00:00,0,5,5
2025-03-22 06:00:00,0,6,5
2025-03-22 07:00:00,0,7,5
2025-03-22 08:00:00,0,8,5
2025-03-22 09:00:00,0,9,5
2025-03-22 10:00:00,0,10,5
2025-03-22 11:00:00,0,11,5
2025-03-22 12:00:00,0,12,5
2025-03-22 13:00:00,0,13,5
2025-03-22 14:00:00,0,14,5
2025-03-22 15:00:00,0,15,5
2025-03-22 16:00:00,0,16,5
2025-03-22 17:00:00,0,17,5
2025-03-22 18:00:00,0,18,5
2025-03-22 19:00:00,0,19,5
2025-03-22 20:00:00,0,20,5
2025-03-22 21:00:00,0,21,5
2025-03-22 22:00:00,0,22,5
2025-03-22 23:00:00,0,23,5
2025-03-23 00:00:00,0,0,6
2025-03-23 01:00:00,0,1,6
2025-03-23 02:00:00,0,2,6
2025-03-23 03:00:00,0,3,6
2025-03-23 04:00:00,0,4,6
2025-03-23 05:00:00,0,5,6
2025-03-23 06:00:00,0,6,6
2025-03-23 07:00:00,0,7,6
2025-03-23 08:00:00,0,8,6
2025-03-23 09:00:00,0,9,6
2025-03-23 10:00:00,0,10,6
2025-03-23 11:00:00,0,11,6
2025-03-23 12:00:00,0,12,6
2025-03-23 13:00:00,0,13,6
2025-03-23 14:00:00,0,14,6
2025-03-23 15:00:00,0,15,6
2025-03-23 16:00:00,0,16,6
2025-03-23 17:00:00,0,17,6
2025-03-23 18:00:00,0,18,6
2025-03-23 19:00:00,0,19,6
2025-03-23 20:00:00,0,20,6
2025-03-23 21:00:00,0,21,6
2025-03-23 22:00:00,0,22,6
2025-03-23 23:00:00,0,23,6
2025-03-24 00:00:00,0,0,0
2025-03-24 01:00:00,0,1,0
2025-03-24 02:00:00,0,2,0
2025-03-24 03:00:00,0,3,0
2025-03-24 04:00:00,0,4,0
2025-03-24 05:00:00,0,5,0
2025-03-24 06:00:00,17,6,0
2025-03-24 07:00:00,37,7,0
2025-03-24 08:00:00,62,8,0
2025-03-24 09:00:00,97,9,0
2025-03-24 10:00:00,151,10,0
2025-03-24 11:00:00,112,11,0
2025-03-24 12:00:00,89,12,0
2025-03-24 13:00:00,75,13,0
2025-03-24 14:00:00,85,14,0
2025-03-24 15:00:00,161,15,0
2025-03-24 16:00:00,228,16,0
2025-03-24 17:00:00,259,17,0
2025-03-24 18:00:00,47,18,0
2025-03-24 19:00:00,0,19,0
2025-03-24 20:00:00,0,20,0
2025-03-24 21:00:00,0,21,0
2025-03-24 22:00:00,0,22,0
2025-03-24 23:00:00,0,23,0
2025-03-25 00:00:00,0,0,1
2025-03-25 01:00:00,0,1,1
2025-03-25 02:00:00,0,2,1
2025-03-25 03:00:00,0,3,1
2025-03-25 04:00:00,0,4,1
2025-03-25 05:00:00,0,5,1
2025-03-25 06:00:00,22,6,1
2025-03-25 07:00:00,21,7,1
2025-03-25 08:00:00,56,8,1
2025-03-25 09:00:00,76,9,1
2025-03-25 10:00:00,104,10,1
2025-03-25 11:00:00,86,11,1
2025-03-25 12:00:00,67,12,1
2025-03-25 13:00:00,57,13,1
2025-03-25 14:00:00,78,14,1
2025-03-25 15:00:00,142,15,1
2025-03-25 16:00:00,170,16,1
2025-03-25 17:00:00,250,17,1
2025-03-25 18:00:00,34,18,1
2025-03-25 19:00:00,0,19,1
2025-03-25 20:00:00,0,20,1
2025-03-25 21:00:00,0,21,1
2025-03-25 22:00:00,0,22,1
2025-03-25 23:00:00,0,23,1
2025-03-26 00:00:00,0,0,2
2025-03-26 01:00:00,0,1,2
2025-03-26 02:00:00,0,2,2
2025-03-26 03:00:00,0,3,2
2025-03-26 04:00:00,0,4,2
2025-03-26 05:00:00,0,5,2
2025-03-26 06:00:00,20,6,2
2025-03-26 07:00:00,26,7,2
2025-03-26 08:00:00,63,8,2
2025-03-26 09:00:00,74,9,2
2025-03-26 10:00:00,112,10,2
2025-03-26 11:00:00,105,11,2
2025-03-26 12:00:00,75,12,2
2025-03-26 13:00:00,58,13,2
2025-03-26 14:00:00,90,14,2
2025-03-26 15:00:00,151,15,2
2025-03-26 16:00:00,212,16,2
2025-03-26 17:00:00,200,17,2
2025-03-26 18:00:00,38,18,2
2025-03-26 19:00:00,0,19,2
2025-03-26 20:00:00,0,20,2
2025-03-26 21:00:00,0,21,2
2025-03-26 22:00:00,0,22,2
2025-03-26 23:00:00,0,23,2
2025-03-27 00:00:00,0,0,3
2025-03-27 01:00:00,0,1,3
2025-03-27 02:00:00,0,2,3
2025-03-27 03:00:00,0,3,3
2025-03-27 04:00:00,0,4,3
2025-03-27 05:00:00,0,5,3
2025-03-27 06:00:00,22,6,3
2025-03-27 07:00:00,27,7,3
2025-03-27 08:00:00,48,8,3
2025-03-27 09:00:00,76,9,3
2025-03-27 10:00:00,93,10,3
2025-03-27 11:00:00,105,11,3
2025-03-27 12:00:00,69,12,3
2025-03-27 13:00:00,50,13,3
2025-03-27 14:00:00,84,14,3
2025-03-27 15:00:00,130,15,3
2025-03-27 16:00:00,179,16,3
2025-03-27 17:00:00,229,17,3
2025-03-27 18:00:00,35,18,3
2025-03-27 19:00:00,0,19,3
2025-03-27 20:00:00,0,20,3
2025-03-27 21:00:00,0,21,3
2025-03-27 22:00:00,0,22,3
2025-03-27 23:00:00,0,23,3
2025-03-28 00:00:00,0,0,4
2025-03-28 01:00:00,0,1,4
2025-03-28 02:00:00,0,2,4
2025-03-28 03:00:00,0,3,4
2025-03-28 04:00:00,0,4,4
2025-03-28 05:00:00,0,5,4
2025-03-28 06:00:00,57,6,4
2025-03-28 07:00:00,100,7,4
2025-03-28 08:00:00,150,8,4
2025-03-28 09:00:00,263,9,4
2025-03-28 10:00:00,333,10,4
2025-03-28 11:00:00,259,11,4
2025-03-28 12:00:00,192,12,4
2025-03-28 13:00:00,168,13,4
2025-03-28 14:00:00,217,14,4
2025-03-28 15:00:00,422,15,4
2025-03-28 16:00:00,542,16,4
2025-03-28 17:00:00,700,17,4
2025-03-28 18:00:00,100,18,4
2025-03-28 19:00:00,0,19,4
2025-03-28 20:00:00,0,20,4
2025-03-28 21:00:00,0,21,4
2025-03-28 22:00:00,0,22,4
2025-03-28 23:00:00,0,23,4
2025-03-29 00:00:00,0,0,5
2025-03-29 01:00:00,0,1,5
2025-03-29 02:00:00,0,2,5
2025-03-29 03:00:00,0,3,5
2025-03-29 04:00:00,0,4,5
2025-03-29 05:00:00,0,5,5
2025-03-29 06:00:00,0,6,5
2025-03-29 07:00:00,0,7,5
2025-03-29 08:00:00,0,8,5
2025-03-29 09:00:00,0,9,5
2025-03-29 10:00:00,0,10,5
2025-03-29 11:00:00,0,11,5
2025-03-29 12:00:00,0,12,5
2025-03-29 13:00:00,0,13,5
2025-03-29 14:00:00,0,14,5
2025-03-29 15:00:00,0,15,5
2025-03-29 16:00:00,0,16,5
2025-03-29 17:00:00,0,17,5
2025-03-29 18:00:00,0,18,5
2025-03-29 19:00:00,0,19,5
2025-03-29 20:00:00,0,20,5
2025-03-29 21:00:00,0,21,5
2025-03-29 22:00:00,0,22,5
2025-03-29 23:00:00,0,23,5
2025-03-30 00:00:00,0,0,6
2025-03-30 01:00:00,0,1,6
2025-03-30 02:00:00,0,2,6
2025-03-30 03:00:00,0,3,6
2025-03-30 04:00:00,0,4,6
2025-03-30 05:00:00,0,5,6
2025-03-30 06:00:00,0,6,6
2025-03-30 07:00:00,0,7,6
2025-03-30 08:00:00,0,8,6
2025-03-30 09:00:00,0,9,6
2025-03-30 10:00:00,0,10,6
2025-03-30 11:00:00,0,11,6
2025-03-30 12:00:00,0,12,6
2025-03-30 13:00:00,0,13,6
2025-03-30 14:00:00,0,14,6
2025-03-30 15:00:00,0,15,6
2025-03-30 16:00:00,0,16,6
2025-03-30 17:00:00,0,17,6
2025-03-30 18:00:00,0,18,6
2025-03-30 19:00:00,0,19,6
2025-03-30 20:00:00,0,20,6
2025-03-30 21:00:00,0,21,6
2025-03-30 22:00:00,0,22,6
2025-03-30 23:00:00,0,23,6
2025-03-31 00:00:00,0,0,0
2025-03-31 01:00:00,0,1,0
2025-03-31 02:00:00,0,2,0
2025-03-31 03:00:00,0,3,0
2025-03-31 04:00:00,0,4,0
2025-03-31 05:00:00,0,5,0
2025-03-31 06:00:00,79,6,0
2025-03-31 07:00:00,91,7,0
2025-03-31 08:00:00,190,8,0
2025-03-31 09:00:00,267,9,0
2025-03-31 10:00:00,341,10,0
2025-03-31 11:00:00,314,11,0
2025-03-31 12:00:00,205,12,0
2025-03-31 13:00:00,191,13,0
2025-03-31 14:00:00,282,14,0
2025-03-31 15:00:00,447,15,0
2025-03-31 16:00:00,589,16,0
2025-03-31 17:00:00,777,17,0
2025-03-31 18:00:00,134,18,0
2025-03-31 19:00:00,0,19,0
2025-03-31 20:00:00,0,20,0
2025-03-31 21:00:00,0,21,0
2025-03-31 22:00:00,0,22,0
2025-03-31 23:00:00,0,23,0
