TransactionDate,AccountBalance
02-01-2023 16:00,1382.8
02-01-2023 16:01,8045.77
02-01-2023 16:06,6366.43
02-01-2023 16:07,4351.83
02-01-2023 16:22,5587.44
02-01-2023 16:27,6474.41
02-01-2023 16:30,1443.02
02-01-2023 16:31,4860.01
02-01-2023 16:36,7954.92
02-01-2023 16:45,3869.37
02-01-2023 16:47,5473.82
02-01-2023 16:51,4475.22
02-01-2023 17:05,1447.35
02-01-2023 17:26,9269.67
02-01-2023 17:34,9877.17
03-01-2023 16:27,10679.67
03-01-2023 16:42,13732.81
03-01-2023 16:46,7328.52
03-01-2023 17:33,2525.47
03-01-2023 17:51,533.2
03-01-2023 18:18,5212.28
04-01-2023 16:02,7873.28
04-01-2023 16:09,5987.67
04-01-2023 17:00,9551.64
05-01-2023 16:02,3956.69
05-01-2023 16:13,7174.69
05-01-2023 16:22,9598.43
05-01-2023 16:40,5335.44
05-01-2023 16:43,2011.6
05-01-2023 16:56,2284.41
05-01-2023 17:48,1926.08
05-01-2023 18:29,6020.29
06-01-2023 16:13,6704.76
06-01-2023 17:01,7945.57
06-01-2023 17:16,13475.14
06-01-2023 17:23,7627.04
06-01-2023 17:30,168.84
06-01-2023 17:35,761
06-01-2023 17:52,13784.4
09-01-2023 16:05,690.16
09-01-2023 16:08,8434.99
09-01-2023 16:08,1127.08
09-01-2023 16:09,2812.06
09-01-2023 16:12,11937.04
09-01-2023 16:12,5307.74
09-01-2023 16:13,14214.48
09-01-2023 16:19,526.67
09-01-2023 16:36,12540.18
09-01-2023 16:45,5631.2
09-01-2023 16:54,480.19
09-01-2023 17:09,998.49
09-01-2023 17:12,7372.81
09-01-2023 17:15,2421.94
09-01-2023 17:17,6408.8
09-01-2023 17:22,3363.23
09-01-2023 17:26,13486.15
09-01-2023 17:27,5926.31
09-01-2023 17:56,2240.49
10-01-2023 16:00,1154.48
10-01-2023 16:28,10631.43
10-01-2023 16:32,1223.45
10-01-2023 16:41,664.93
10-01-2023 17:40,11108.39
11-01-2023 16:09,12072.11
11-01-2023 16:56,2797.26
11-01-2023 16:58,6501.56
11-01-2023 17:04,13521.76
11-01-2023 17:27,7544.4
11-01-2023 18:07,1983.65
12-01-2023 16:21,1106.34
12-01-2023 16:44,1123.75
12-01-2023 17:10,225.53
12-01-2023 17:12,7620.6
12-01-2023 17:57,10862.99
12-01-2023 18:07,824.71
13-01-2023 16:23,2137.9
13-01-2023 16:44,230.09
13-01-2023 17:00,6374.82
13-01-2023 17:19,5976
16-01-2023 16:01,706.44
16-01-2023 16:15,6062.94
16-01-2023 16:16,4575.98
16-01-2023 16:31,3564.8
16-01-2023 16:37,1310.38
16-01-2023 16:38,2420.86
16-01-2023 16:50,7255.49
16-01-2023 16:53,1000.46
16-01-2023 16:55,4480.43
16-01-2023 17:00,3740.73
16-01-2023 17:26,2290.1
16-01-2023 17:39,3253.51
16-01-2023 17:53,5058.83
16-01-2023 18:03,1839.1
16-01-2023 18:57,304.44
17-01-2023 16:10,3707.82
17-01-2023 16:41,9700.77
17-01-2023 16:47,530.81
17-01-2023 16:53,4702.86
17-01-2023 16:57,1242.62
17-01-2023 16:59,9239.12
17-01-2023 17:11,160.83
17-01-2023 17:25,9800.21
17-01-2023 17:50,5567.98
17-01-2023 18:42,3897.17
18-01-2023 16:47,5994.87
18-01-2023 16:48,4710.21
18-01-2023 16:59,1562.39
18-01-2023 17:03,1038.91
18-01-2023 17:53,11320.83
19-01-2023 16:11,1380.21
19-01-2023 16:14,4489.79
19-01-2023 16:28,6414.11
19-01-2023 17:08,791.97
19-01-2023 17:24,7561.33
19-01-2023 17:27,1381.28
20-01-2023 16:09,11869.71
20-01-2023 16:23,1691.88
20-01-2023 16:34,4840.31
20-01-2023 18:31,5526.28
23-01-2023 16:03,6996.35
23-01-2023 16:05,2969.71
23-01-2023 16:19,1127.54
23-01-2023 16:31,8795.37
23-01-2023 16:32,4715.84
23-01-2023 16:47,9679.68
23-01-2023 16:48,1488.65
23-01-2023 16:50,14942.78
23-01-2023 16:50,5010.31
23-01-2023 17:18,5346.46
23-01-2023 17:22,10553.23
23-01-2023 17:24,1390.98
23-01-2023 17:39,7192.45
23-01-2023 18:06,4292.16
23-01-2023 18:45,8400.87
24-01-2023 16:00,5528.36
24-01-2023 16:05,2091.78
24-01-2023 16:18,1772.06
24-01-2023 17:17,1019.39
24-01-2023 17:23,8901.93
24-01-2023 17:26,1729.26
24-01-2023 18:43,783.83
25-01-2023 17:12,7089.9
25-01-2023 17:46,2996.51
26-01-2023 16:13,560.73
26-01-2023 16:17,1477.63
26-01-2023 17:21,699.9
27-01-2023 16:35,368.78
27-01-2023 16:40,6009.12
27-01-2023 17:38,5265.88
27-01-2023 18:59,6223.26
30-01-2023 16:00,4943.16
30-01-2023 16:04,6494.25
30-01-2023 16:15,3210.39
30-01-2023 16:34,5906.58
30-01-2023 16:37,14453.35
30-01-2023 16:45,7892.87
30-01-2023 17:05,811.86
30-01-2023 17:11,6459.38
30-01-2023 17:22,8700.8
30-01-2023 17:28,453.39
30-01-2023 17:36,793.63
30-01-2023 17:47,7749.14
30-01-2023 17:47,6601.44
30-01-2023 18:47,871.1
30-01-2023 18:49,7273.55
30-01-2023 18:50,5583.88
30-01-2023 18:50,8374.38
31-01-2023 16:02,1241.59
31-01-2023 16:51,1876.35
31-01-2023 16:58,3075.97
31-01-2023 18:31,112.76
01-02-2023 17:12,4536.38
01-02-2023 18:47,1337.5
02-02-2023 16:13,13406
02-02-2023 16:19,6362.16
02-02-2023 16:20,5729.1
02-02-2023 16:52,1996.38
02-02-2023 16:55,1590.88
02-02-2023 17:02,7225.63
03-02-2023 16:06,8198
03-02-2023 17:00,8843.44
03-02-2023 17:10,339.16
03-02-2023 17:46,2571.39
03-02-2023 18:15,3435.34
06-02-2023 16:05,2760.37
06-02-2023 16:07,10922.78
06-02-2023 16:09,7460.33
06-02-2023 16:24,9823.64
06-02-2023 16:26,6452.14
06-02-2023 16:30,7581.7
06-02-2023 16:32,13485
06-02-2023 16:38,8528.72
06-02-2023 16:40,214.61
06-02-2023 16:42,9791.74
06-02-2023 16:48,2008.77
06-02-2023 16:54,4294.44
06-02-2023 17:21,6217.58
06-02-2023 17:23,1149.74
06-02-2023 17:30,1528.81
06-02-2023 17:32,9138.76
06-02-2023 17:38,9281.85
06-02-2023 17:46,6371.51
06-02-2023 17:48,475.63
06-02-2023 17:48,4446.17
06-02-2023 17:57,714.45
06-02-2023 18:18,3908.65
06-02-2023 18:39,13884.24
06-02-2023 18:39,1846.85
06-02-2023 18:59,801.01
07-02-2023 17:20,8354.54
07-02-2023 17:38,1379.39
08-02-2023 16:29,7142.53
08-02-2023 16:42,4854.83
08-02-2023 17:33,2756.2
08-02-2023 17:59,7932.41
08-02-2023 18:27,14851.28
09-02-2023 16:09,5095.73
09-02-2023 16:27,7551.89
09-02-2023 16:28,1512.16
09-02-2023 16:29,6400.59
09-02-2023 17:46,10389.6
09-02-2023 17:50,5978.12
09-02-2023 17:53,2299.64
10-02-2023 16:01,5077.06
10-02-2023 16:28,1307.86
10-02-2023 16:34,5705.4
10-02-2023 16:50,14021.4
10-02-2023 16:52,480.16
10-02-2023 17:06,7005.05
10-02-2023 17:45,1115.3
10-02-2023 18:07,2429.68
13-02-2023 16:21,3733.52
13-02-2023 16:43,4749.54
13-02-2023 16:44,5081.26
13-02-2023 16:44,3278.65
13-02-2023 16:48,1824.19
13-02-2023 16:53,2591.65
13-02-2023 16:53,299.93
13-02-2023 17:02,1476.91
13-02-2023 17:04,120.89
13-02-2023 17:13,2150.38
13-02-2023 17:18,511.37
13-02-2023 17:48,10017.11
13-02-2023 17:49,1357.22
13-02-2023 17:58,10971.32
13-02-2023 18:17,6983.04
13-02-2023 18:27,899.52
13-02-2023 18:36,749.34
13-02-2023 18:42,9410.99
14-02-2023 16:07,5669.66
14-02-2023 16:55,1629.12
14-02-2023 17:56,5347.57
15-02-2023 16:17,2026.32
15-02-2023 16:37,11197.54
15-02-2023 16:41,9062.4
15-02-2023 16:50,5767.51
16-02-2023 16:20,9748.48
16-02-2023 16:23,1216.91
16-02-2023 17:05,7155.95
16-02-2023 17:14,9538.92
16-02-2023 17:34,4976.18
16-02-2023 17:57,1659.15
16-02-2023 18:56,1244.93
17-02-2023 16:08,6485.78
17-02-2023 16:21,1435.72
17-02-2023 16:28,1595.26
17-02-2023 16:37,1696.15
17-02-2023 16:41,9916.24
17-02-2023 16:57,8461.46
17-02-2023 16:57,1268.44
17-02-2023 18:16,9442.47
20-02-2023 16:07,10724.95
20-02-2023 16:08,7474.31
20-02-2023 16:20,327.68
20-02-2023 16:28,10619.35
20-02-2023 16:36,1821
20-02-2023 16:40,6100.98
20-02-2023 16:47,585.52
20-02-2023 16:48,3908.47
20-02-2023 16:52,3641.07
20-02-2023 17:23,354.9
20-02-2023 17:26,1050.63
20-02-2023 17:27,6043.25
20-02-2023 17:28,4438.03
20-02-2023 17:28,1329.45
20-02-2023 18:03,9733.59
20-02-2023 18:41,14804.7
20-02-2023 18:48,842.94
20-02-2023 18:56,6333.72
21-02-2023 16:02,7896.85
21-02-2023 16:14,2051.25
21-02-2023 16:47,1612.4
21-02-2023 16:52,642
21-02-2023 17:42,1479.67
21-02-2023 17:45,5183.85
21-02-2023 18:13,9409.43
21-02-2023 18:41,9159.56
22-02-2023 16:18,7104.83
22-02-2023 16:42,425.77
22-02-2023 17:01,2281.9
22-02-2023 17:12,1358.37
22-02-2023 17:29,2254.71
22-02-2023 17:39,2202.62
23-02-2023 16:04,6581.55
23-02-2023 16:21,10658.88
23-02-2023 16:41,4625.12
23-02-2023 16:51,7155.04
23-02-2023 16:54,1393.14
23-02-2023 17:30,677.79
23-02-2023 18:23,1690.23
23-02-2023 18:42,1382.51
24-02-2023 16:23,13531.22
24-02-2023 16:24,1776.91
24-02-2023 16:29,9418.86
24-02-2023 16:33,1052.31
24-02-2023 16:49,1128.38
24-02-2023 16:57,8356.88
24-02-2023 17:00,1278
24-02-2023 18:22,4004.35
24-02-2023 18:25,6237.68
27-02-2023 16:02,1731.89
27-02-2023 16:05,5491.55
27-02-2023 16:07,320.25
27-02-2023 16:08,6570.36
27-02-2023 16:15,7616.43
27-02-2023 16:18,969.06
27-02-2023 16:28,11584.32
27-02-2023 16:37,9379.53
27-02-2023 16:38,572.97
27-02-2023 16:39,7467.3
27-02-2023 16:47,1356.47
27-02-2023 16:59,6590.28
27-02-2023 17:06,7128.82
27-02-2023 17:14,9992.36
27-02-2023 17:17,6118.2
27-02-2023 17:25,7807.73
27-02-2023 17:52,12470.62
27-02-2023 17:59,8981.1
27-02-2023 18:23,6215.96
27-02-2023 18:33,7795.79
28-02-2023 16:28,7016.99
28-02-2023 16:36,5750.89
28-02-2023 16:46,10980.38
28-02-2023 17:28,5401.21
28-02-2023 17:34,1661.1
28-02-2023 17:37,12027.68
28-02-2023 17:45,11565.97
28-02-2023 17:55,2607.58
01-03-2023 16:09,14928.35
01-03-2023 16:17,3140.79
01-03-2023 16:31,2235.7
01-03-2023 16:56,8994.67
01-03-2023 17:07,1817.43
01-03-2023 17:43,577.67
02-03-2023 16:05,1143.52
02-03-2023 16:06,3023.16
02-03-2023 16:11,1363.65
02-03-2023 16:41,9038.63
02-03-2023 16:43,1930.96
02-03-2023 17:32,6980.98
02-03-2023 17:53,4875.86
02-03-2023 18:36,8384.85
03-03-2023 16:00,8937.35
03-03-2023 16:21,4630.58
03-03-2023 16:57,1783.04
03-03-2023 17:08,187.9
03-03-2023 17:49,703.26
03-03-2023 18:23,1504.99
06-03-2023 16:12,11613.58
06-03-2023 16:25,9662.88
06-03-2023 16:29,873.89
06-03-2023 16:33,1258.93
06-03-2023 16:37,13330.74
06-03-2023 16:45,1442.29
06-03-2023 16:46,1633.76
06-03-2023 16:47,420.65
06-03-2023 17:25,6481.35
06-03-2023 17:37,2636.32
06-03-2023 18:04,369.79
06-03-2023 18:27,1408.07
07-03-2023 16:36,14352.33
07-03-2023 16:51,2451.56
07-03-2023 17:24,4500.26
07-03-2023 17:48,102.2
07-03-2023 17:49,1642.34
08-03-2023 16:20,465.63
08-03-2023 16:57,12703.24
08-03-2023 16:58,10704.95
08-03-2023 17:07,5625.55
08-03-2023 17:42,13801.15
08-03-2023 17:43,2411.02
08-03-2023 18:51,11263.89
09-03-2023 16:21,712.13
09-03-2023 16:31,1519.35
09-03-2023 17:37,3944.82
09-03-2023 18:04,5695.78
10-03-2023 16:35,7093.68
10-03-2023 17:33,1329.41
10-03-2023 17:34,2325.78
10-03-2023 17:38,9013.1
10-03-2023 17:49,829.71
10-03-2023 18:26,5515.32
10-03-2023 18:59,8656.18
13-03-2023 16:05,2569.56
13-03-2023 16:08,4382.73
13-03-2023 16:10,3019.04
13-03-2023 16:10,1238.43
13-03-2023 16:13,10790.8
13-03-2023 16:25,4356.98
13-03-2023 16:26,831.75
13-03-2023 16:32,14676.05
13-03-2023 16:33,1181.84
13-03-2023 16:41,2403.39
13-03-2023 16:59,11505.35
13-03-2023 17:01,319.65
13-03-2023 17:16,11666.18
13-03-2023 17:23,399
13-03-2023 17:26,7182.22
13-03-2023 17:26,9798.26
13-03-2023 17:30,1231.98
13-03-2023 17:34,1545.77
13-03-2023 18:45,730.6
14-03-2023 16:21,9899.94
14-03-2023 16:25,5326.68
14-03-2023 17:10,1983
15-03-2023 16:16,1893
15-03-2023 16:37,8870.89
15-03-2023 16:47,2923.83
15-03-2023 17:27,9844.32
15-03-2023 17:39,9240.73
15-03-2023 17:40,587.12
15-03-2023 17:45,3279.12
15-03-2023 18:42,10427
16-03-2023 16:02,6044.93
16-03-2023 16:52,3812.87
16-03-2023 17:00,349.98
16-03-2023 17:36,1404.53
17-03-2023 16:10,8579.69
17-03-2023 16:34,2189.38
17-03-2023 17:03,11729.51
20-03-2023 16:08,14563.02
20-03-2023 16:28,2114.3
20-03-2023 16:48,7104.61
20-03-2023 16:58,6825.55
20-03-2023 17:13,5878.14
20-03-2023 17:17,2610.64
20-03-2023 17:21,7071.32
20-03-2023 17:25,7417.69
20-03-2023 17:30,5577.94
20-03-2023 17:45,7336.56
20-03-2023 18:28,6706.56
20-03-2023 18:51,6178.77
21-03-2023 16:29,985.06
22-03-2023 16:03,1498.79
22-03-2023 16:10,1806.16
22-03-2023 16:18,5237.36
22-03-2023 16:59,3051.29
22-03-2023 17:31,8422.2
22-03-2023 17:36,254.75
23-03-2023 16:16,1532.72
23-03-2023 17:09,271.64
24-03-2023 16:34,383.58
24-03-2023 17:04,4008.05
27-03-2023 16:12,3988.75
27-03-2023 16:26,667.66
27-03-2023 16:34,9630
27-03-2023 16:48,6353.14
27-03-2023 16:51,1093.89
27-03-2023 16:56,6034.73
27-03-2023 17:02,1677.01
27-03-2023 17:07,5225.73
27-03-2023 17:25,11123.65
27-03-2023 17:25,6522.47
27-03-2023 17:54,3128.71
27-03-2023 18:06,2513.51
27-03-2023 18:08,5128.44
27-03-2023 18:16,618.05
27-03-2023 18:47,5141.19
27-03-2023 18:52,832.82
28-03-2023 16:02,2443.54
28-03-2023 18:19,5609.44
28-03-2023 18:30,314.28
29-03-2023 16:20,9626.14
29-03-2023 16:42,2686.52
29-03-2023 17:47,4477.78
30-03-2023 16:00,5238.37
30-03-2023 16:09,746.47
30-03-2023 17:50,690.52
30-03-2023 18:20,2138.42
31-03-2023 16:06,1021.88
31-03-2023 16:18,2227.49
31-03-2023 16:34,6903.68
31-03-2023 17:25,960.96
31-03-2023 17:36,4657.7
31-03-2023 17:50,1523.04
31-03-2023 18:57,7341.43
03-04-2023 16:05,7346.66
03-04-2023 16:09,13696.31
03-04-2023 16:14,11796.66
03-04-2023 16:19,9040.33
03-04-2023 16:25,10278.75
03-04-2023 16:27,7253.22
03-04-2023 16:31,4381.24
03-04-2023 16:34,5595.22
03-04-2023 16:35,1931.66
03-04-2023 16:37,4693.6
03-04-2023 16:41,2402.58
03-04-2023 16:43,9929.43
03-04-2023 16:55,8356.08
03-04-2023 17:15,781.68
03-04-2023 18:37,8873.43
03-04-2023 18:41,7574.45
04-04-2023 16:11,5424.6
05-04-2023 16:08,5294.98
05-04-2023 16:21,4203.05
05-04-2023 17:20,11204.62
05-04-2023 17:52,11305.81
05-04-2023 18:37,9045.19
06-04-2023 16:03,12815.24
06-04-2023 16:41,2304.56
06-04-2023 16:59,4954.37
06-04-2023 17:24,7513.79
06-04-2023 17:41,1406.6
06-04-2023 18:06,1788.27
07-04-2023 16:04,868.91
07-04-2023 16:16,9879.87
07-04-2023 16:50,13847.99
07-04-2023 17:11,1014.63
07-04-2023 17:23,4737.84
07-04-2023 17:37,13017.7
10-04-2023 16:04,6987.4
10-04-2023 16:23,1493.88
10-04-2023 16:25,2434.74
10-04-2023 16:38,5677.52
10-04-2023 16:44,619.86
10-04-2023 16:47,6684.34
10-04-2023 16:52,4597.57
10-04-2023 17:04,1052.27
10-04-2023 17:26,8942.58
10-04-2023 17:48,12723.62
10-04-2023 17:49,3798.09
10-04-2023 17:57,705.75
10-04-2023 17:58,580.66
10-04-2023 18:26,1579.57
10-04-2023 18:27,6214.54
11-04-2023 16:06,9129.68
11-04-2023 16:29,5112.21
11-04-2023 16:37,5121.36
11-04-2023 17:06,7541.16
12-04-2023 16:03,241.79
12-04-2023 17:06,14268.95
12-04-2023 17:39,7517.5
12-04-2023 17:54,1061.58
13-04-2023 16:41,13777.79
13-04-2023 17:35,5571.39
13-04-2023 17:45,6937.48
13-04-2023 18:15,5925.98
13-04-2023 18:37,421.93
14-04-2023 16:00,1204.65
14-04-2023 16:33,6474.34
14-04-2023 17:21,7487.79
14-04-2023 17:59,1802.77
17-04-2023 16:03,4792.01
17-04-2023 16:04,4891.56
17-04-2023 16:10,1778.75
17-04-2023 16:12,4150.63
17-04-2023 16:27,10506.41
17-04-2023 16:37,673.35
17-04-2023 16:46,7822.73
17-04-2023 16:53,7831.56
17-04-2023 16:56,6939.23
17-04-2023 17:27,8692.47
17-04-2023 17:43,3240.14
17-04-2023 17:58,7061.73
17-04-2023 18:22,259.44
17-04-2023 18:42,7811.31
18-04-2023 17:17,14817.22
18-04-2023 17:43,6586.19
18-04-2023 18:40,1951.42
18-04-2023 18:55,4381.54
19-04-2023 16:36,12046.3
19-04-2023 16:38,2861.65
19-04-2023 16:41,445.21
20-04-2023 16:01,949.38
20-04-2023 17:52,3886.77
20-04-2023 17:54,1916.46
20-04-2023 18:39,359.06
20-04-2023 18:50,4909.24
21-04-2023 16:22,10517.47
21-04-2023 17:19,7915
24-04-2023 16:24,13240.72
24-04-2023 16:28,7588.67
24-04-2023 16:32,14494.18
24-04-2023 16:47,503.01
24-04-2023 16:47,928.33
24-04-2023 17:01,1127.98
24-04-2023 17:16,3524.68
24-04-2023 17:18,1635.05
24-04-2023 17:27,9975.79
24-04-2023 18:33,3877.73
25-04-2023 16:11,948.7
25-04-2023 16:11,3014.75
25-04-2023 16:23,5545.96
25-04-2023 16:28,221.79
25-04-2023 16:34,888.6
25-04-2023 16:41,1046.66
25-04-2023 16:53,469.14
25-04-2023 17:00,6530.59
25-04-2023 17:33,162.53
25-04-2023 18:47,2940.04
25-04-2023 18:58,874.15
26-04-2023 17:55,14395.88
26-04-2023 18:35,7739.54
27-04-2023 16:27,5943.13
27-04-2023 17:30,10008.33
28-04-2023 16:32,387.65
28-04-2023 16:55,1484.76
28-04-2023 17:12,6885.16
01-05-2023 16:11,922.19
01-05-2023 16:23,12896.06
01-05-2023 16:23,4466.1
01-05-2023 16:30,12042.79
01-05-2023 16:43,7006.46
01-05-2023 16:57,1200.35
01-05-2023 16:58,5414.87
01-05-2023 17:04,1265.27
01-05-2023 17:11,438.75
01-05-2023 17:17,2798.15
01-05-2023 17:21,7895.54
01-05-2023 17:36,1019.46
01-05-2023 18:28,627.79
01-05-2023 18:38,1523.57
02-05-2023 16:14,5427.81
02-05-2023 16:30,1035.22
02-05-2023 17:24,9419.27
02-05-2023 17:24,207.1
02-05-2023 18:25,1402.5
03-05-2023 16:26,7451.83
03-05-2023 17:04,1035.86
04-05-2023 16:21,9660.22
04-05-2023 16:25,6133.41
04-05-2023 16:37,427.3
04-05-2023 16:37,2531.24
04-05-2023 16:51,11991.24
04-05-2023 17:02,7941.73
04-05-2023 17:46,2064.76
04-05-2023 17:49,8300.54
05-05-2023 16:31,9532.42
05-05-2023 16:32,8569.06
05-05-2023 16:35,6420.47
05-05-2023 16:42,2038.31
05-05-2023 16:52,4539.99
05-05-2023 17:31,922.96
05-05-2023 17:32,129.29
05-05-2023 17:34,9808.97
08-05-2023 16:24,1040.43
08-05-2023 16:25,12063.77
08-05-2023 16:37,2815.86
08-05-2023 16:37,4577.09
08-05-2023 16:48,3495.51
08-05-2023 17:29,1980.62
08-05-2023 17:33,958.7
08-05-2023 17:42,4055.55
08-05-2023 17:44,1801.69
08-05-2023 17:54,1029.15
09-05-2023 16:40,11705.88
09-05-2023 16:47,3114.92
09-05-2023 16:55,1272.12
09-05-2023 17:02,2833.12
10-05-2023 16:15,9385.57
10-05-2023 16:27,137.42
10-05-2023 16:35,7682
10-05-2023 16:38,13389.16
10-05-2023 16:55,522.39
10-05-2023 17:02,3293.06
10-05-2023 17:05,9826.26
10-05-2023 17:41,4656.94
10-05-2023 17:49,7374.26
10-05-2023 17:56,1887.84
10-05-2023 18:49,3143.17
11-05-2023 16:30,2016.02
11-05-2023 16:36,6003.59
11-05-2023 17:15,9500.95
11-05-2023 18:31,1068.55
12-05-2023 18:38,651.84
15-05-2023 16:13,6385.12
15-05-2023 16:19,1033.94
15-05-2023 16:25,7418.82
15-05-2023 16:35,7902.52
15-05-2023 16:37,6642.33
15-05-2023 16:49,5803.89
15-05-2023 16:51,259.77
15-05-2023 16:52,6324.09
15-05-2023 16:52,1830.98
15-05-2023 17:02,7835.4
15-05-2023 17:25,5343.3
15-05-2023 17:33,5788.53
15-05-2023 17:37,3449.35
15-05-2023 17:46,7037.34
15-05-2023 18:15,791.46
15-05-2023 18:41,6981.03
15-05-2023 18:44,6100.08
15-05-2023 18:47,1749.79
16-05-2023 16:07,4175.02
16-05-2023 16:32,6887.52
16-05-2023 16:45,1262.68
16-05-2023 16:57,7318.64
16-05-2023 17:26,1585.98
17-05-2023 16:03,6631.5
17-05-2023 16:30,10141.92
17-05-2023 17:00,1913.73
17-05-2023 17:28,8557.32
18-05-2023 16:16,8497.34
18-05-2023 16:19,9326.28
18-05-2023 16:24,173.7
18-05-2023 17:34,5334.97
18-05-2023 18:15,1674.94
19-05-2023 16:31,678.83
19-05-2023 16:35,897.94
19-05-2023 16:52,787.74
19-05-2023 16:54,1658.52
19-05-2023 17:19,12327.74
19-05-2023 17:57,9695.04
19-05-2023 18:32,4586.11
19-05-2023 18:44,7036.72
19-05-2023 18:47,5481.76
22-05-2023 16:17,7323.53
22-05-2023 16:22,770.37
22-05-2023 16:24,4079.09
22-05-2023 16:27,1338.95
22-05-2023 16:38,800.93
22-05-2023 16:41,135.96
22-05-2023 16:48,2487.2
22-05-2023 16:51,6611.26
22-05-2023 16:57,13523.65
22-05-2023 16:57,187.65
22-05-2023 17:09,3077.2
22-05-2023 17:09,6481.04
22-05-2023 17:27,4735.61
22-05-2023 17:29,145.5
22-05-2023 17:34,3919.44
22-05-2023 17:40,1605.67
22-05-2023 17:45,5882.12
22-05-2023 17:45,4272.41
22-05-2023 18:23,4401.78
22-05-2023 18:45,7014.69
23-05-2023 16:03,5241.23
23-05-2023 16:29,620.83
23-05-2023 16:44,130.76
23-05-2023 17:12,7001.2
24-05-2023 16:02,3479.56
24-05-2023 16:12,546.46
24-05-2023 16:21,4732.81
24-05-2023 16:25,420.67
24-05-2023 18:32,672.79
25-05-2023 16:16,9903.48
25-05-2023 16:34,8127.48
25-05-2023 16:45,1831.2
26-05-2023 16:00,961.65
26-05-2023 16:47,5889.51
26-05-2023 17:07,8126.06
26-05-2023 17:10,1431.6
26-05-2023 17:32,985.77
26-05-2023 17:56,5229.95
29-05-2023 16:17,1765.45
29-05-2023 16:20,8865.27
29-05-2023 16:31,4658.89
29-05-2023 16:40,8042.3
29-05-2023 16:50,903.05
29-05-2023 17:02,1692.15
29-05-2023 17:14,6109.86
29-05-2023 17:30,2735.84
29-05-2023 17:45,5107.75
29-05-2023 17:53,3634.76
29-05-2023 17:55,7885.21
29-05-2023 18:27,477.03
29-05-2023 18:40,778.74
30-05-2023 16:28,1870.16
30-05-2023 17:13,844.55
30-05-2023 18:29,1445.53
31-05-2023 16:25,7580.59
31-05-2023 16:28,1910.9
31-05-2023 16:37,8670.53
31-05-2023 16:50,5396.65
31-05-2023 16:54,10115.18
31-05-2023 17:21,4580.59
01-06-2023 16:15,4943.49
01-06-2023 16:18,2156.54
01-06-2023 16:51,8303.9
01-06-2023 17:19,490.57
01-06-2023 18:04,8704.27
01-06-2023 18:27,1514.34
02-06-2023 16:27,1592.94
02-06-2023 16:48,6752.92
02-06-2023 16:49,530.86
02-06-2023 16:54,662.51
05-06-2023 16:02,3473.24
05-06-2023 16:11,6781.3
05-06-2023 16:16,3728.04
05-06-2023 16:24,5172.99
05-06-2023 16:24,6708.65
05-06-2023 16:27,9942.24
05-06-2023 17:08,10778.35
05-06-2023 17:24,13054.54
05-06-2023 17:28,8874.01
05-06-2023 17:29,972.04
05-06-2023 17:45,14631.88
05-06-2023 17:48,4474.2
05-06-2023 18:09,3553.69
06-06-2023 16:36,213
06-06-2023 17:32,1833.24
06-06-2023 17:56,11011.86
06-06-2023 18:53,7986.63
06-06-2023 18:54,8974.93
07-06-2023 16:07,1793.09
07-06-2023 16:26,6910.18
07-06-2023 16:45,14904.9
07-06-2023 17:02,1244.17
07-06-2023 17:05,1619.16
07-06-2023 17:06,1237.5
07-06-2023 17:35,9523.72
08-06-2023 16:06,423.64
08-06-2023 16:20,4710.04
08-06-2023 16:26,5463.94
08-06-2023 16:27,5313.97
08-06-2023 16:28,883.72
08-06-2023 16:43,7315.34
08-06-2023 16:56,3304.02
08-06-2023 17:20,5495.3
08-06-2023 18:54,3213.16
09-06-2023 16:10,6797.71
09-06-2023 16:18,5630.61
09-06-2023 16:20,6338.35
09-06-2023 16:31,7320.61
09-06-2023 17:12,3274.96
09-06-2023 17:14,7498.51
09-06-2023 17:41,12893.85
09-06-2023 17:58,5683.49
09-06-2023 18:33,5958.75
12-06-2023 16:03,1429.61
12-06-2023 16:26,5019.68
12-06-2023 16:34,11988.12
12-06-2023 16:48,9073.17
12-06-2023 16:58,3663.64
12-06-2023 17:09,13586.06
12-06-2023 17:09,912.71
12-06-2023 17:30,899.15
12-06-2023 17:32,1057
12-06-2023 17:36,6990.92
12-06-2023 17:53,634.17
12-06-2023 18:30,234.41
12-06-2023 18:51,11795.12
12-06-2023 18:56,7061.58
13-06-2023 16:06,4330.04
13-06-2023 16:10,392.34
13-06-2023 16:24,7896.14
13-06-2023 17:52,5472.03
14-06-2023 16:16,7413.18
14-06-2023 16:24,6076.45
14-06-2023 16:30,5962.58
14-06-2023 16:34,4159.52
14-06-2023 16:34,3520.61
14-06-2023 17:07,220.51
14-06-2023 17:21,2232.84
15-06-2023 16:10,4044.62
15-06-2023 16:41,2649.23
15-06-2023 16:48,2060.02
15-06-2023 17:22,9567.94
15-06-2023 18:28,524.46
15-06-2023 18:45,222.22
16-06-2023 16:19,12319.26
16-06-2023 16:36,1433.66
16-06-2023 16:41,12385.05
16-06-2023 17:21,2300.53
16-06-2023 17:33,1319.85
16-06-2023 18:47,1061.69
16-06-2023 18:58,14473.33
19-06-2023 16:20,7844.23
19-06-2023 16:21,2174.16
19-06-2023 16:22,300.87
19-06-2023 16:24,422.32
19-06-2023 16:32,4383.69
19-06-2023 16:36,1176.1
19-06-2023 16:57,11310.27
19-06-2023 16:59,5531.93
19-06-2023 17:25,544.56
19-06-2023 17:50,3548.02
19-06-2023 17:58,6878.86
19-06-2023 18:12,3233.87
19-06-2023 18:22,552.52
20-06-2023 16:27,3779.47
20-06-2023 17:04,7868.19
20-06-2023 17:05,192.63
20-06-2023 17:07,12031.14
20-06-2023 17:21,1748.69
20-06-2023 18:43,8539.86
21-06-2023 16:00,13538.14
21-06-2023 16:00,5529.92
21-06-2023 16:23,1582.55
21-06-2023 16:38,11826.52
21-06-2023 16:40,3134.47
21-06-2023 16:49,224.65
21-06-2023 16:52,7847.62
21-06-2023 17:48,9199.52
22-06-2023 16:05,9451.66
22-06-2023 16:08,914.28
22-06-2023 16:38,1423.2
22-06-2023 16:47,344.07
22-06-2023 17:05,9668.78
22-06-2023 17:18,12652.22
22-06-2023 17:27,4468.12
22-06-2023 17:28,1193.61
23-06-2023 16:12,7231.47
23-06-2023 16:41,1309.85
23-06-2023 17:36,1290.95
23-06-2023 17:38,11748.86
26-06-2023 16:04,5757.67
26-06-2023 16:08,14576.47
26-06-2023 16:10,1616.3
26-06-2023 16:10,6116.8
26-06-2023 16:11,910.26
26-06-2023 16:28,1950.63
26-06-2023 16:40,6827.57
26-06-2023 16:46,1156.67
26-06-2023 16:55,6857.2
26-06-2023 17:34,1145.23
26-06-2023 17:37,8422.06
26-06-2023 17:38,7372.47
26-06-2023 17:38,1597.85
26-06-2023 17:54,14321.73
26-06-2023 18:25,136.74
26-06-2023 18:25,8318.29
26-06-2023 18:39,14510.8
26-06-2023 18:41,7606.63
26-06-2023 18:57,955.4
27-06-2023 16:37,399.57
27-06-2023 16:40,990.74
27-06-2023 16:44,13758.91
27-06-2023 16:52,1863.7
27-06-2023 17:44,4980.26
27-06-2023 17:48,11090.24
27-06-2023 17:50,1048.18
27-06-2023 18:14,7483.01
27-06-2023 18:26,9609.67
28-06-2023 16:05,14466.38
28-06-2023 16:07,3224.6
29-06-2023 16:04,1741.1
29-06-2023 16:06,6393.12
29-06-2023 16:11,1664.59
29-06-2023 16:16,1882.77
29-06-2023 16:57,13891.47
29-06-2023 17:39,1331.3
29-06-2023 17:51,13872.03
30-06-2023 16:31,7998.25
30-06-2023 16:44,2028.92
30-06-2023 17:10,13648.36
03-07-2023 16:15,1256.33
03-07-2023 16:38,467.4
03-07-2023 16:40,1523.72
03-07-2023 16:46,1275.2
03-07-2023 17:03,8431.23
03-07-2023 17:14,6309.8
03-07-2023 17:42,341.94
03-07-2023 17:47,7486.63
03-07-2023 18:03,14410.44
03-07-2023 18:46,6164.65
03-07-2023 18:56,5239.24
04-07-2023 16:25,1544.88
04-07-2023 16:27,1508.72
04-07-2023 16:30,9977.49
04-07-2023 17:50,4543.56
04-07-2023 18:20,5866.01
04-07-2023 18:55,5698.25
05-07-2023 16:08,2173.76
05-07-2023 16:49,2248.06
05-07-2023 16:52,2561.67
05-07-2023 17:49,7198.8
06-07-2023 17:52,8627.08
06-07-2023 17:53,5244.49
06-07-2023 18:09,9238.08
06-07-2023 18:10,887.32
06-07-2023 18:16,1649.43
07-07-2023 16:11,8346.64
07-07-2023 16:38,9642.12
07-07-2023 17:19,717.99
07-07-2023 17:24,11523.64
07-07-2023 17:58,232.56
10-07-2023 16:01,4739.59
10-07-2023 16:04,13948.09
10-07-2023 16:06,9794.26
10-07-2023 16:17,7491.42
10-07-2023 16:37,1084.65
10-07-2023 16:41,5200.04
10-07-2023 16:43,1305.76
10-07-2023 16:51,8478.9
10-07-2023 17:00,13336.15
10-07-2023 17:15,6155.76
10-07-2023 17:25,4309.9
10-07-2023 17:29,2406.31
10-07-2023 17:49,5674.32
10-07-2023 18:00,5715.08
10-07-2023 18:16,1695.57
10-07-2023 18:16,1122.35
10-07-2023 18:34,6173.23
11-07-2023 16:08,267.53
11-07-2023 16:39,5541.57
11-07-2023 16:45,6710.51
12-07-2023 16:11,5909.52
12-07-2023 16:14,1123.89
12-07-2023 16:17,9009.42
12-07-2023 16:50,14348.65
12-07-2023 16:52,729.7
12-07-2023 16:54,337.62
13-07-2023 16:35,7261.7
13-07-2023 16:44,3582.16
13-07-2023 17:50,1457.07
14-07-2023 16:06,5397.68
14-07-2023 16:22,7640.57
17-07-2023 16:05,2794.66
17-07-2023 16:20,1734.22
17-07-2023 16:22,6385.69
17-07-2023 16:32,2197.12
17-07-2023 16:48,867.32
17-07-2023 16:57,5422.53
17-07-2023 17:08,201.04
17-07-2023 17:46,9733.83
17-07-2023 18:24,6760.22
17-07-2023 18:54,10528.34
18-07-2023 16:05,1257.9
18-07-2023 16:12,3846.28
18-07-2023 16:38,5692.31
18-07-2023 17:22,3267.84
18-07-2023 17:56,8037.87
18-07-2023 18:06,5619.95
19-07-2023 16:11,4644.19
19-07-2023 16:57,6994.34
19-07-2023 17:03,14464.3
19-07-2023 17:16,1059.62
19-07-2023 17:38,2472.99
19-07-2023 17:42,2047.83
20-07-2023 16:05,1081.79
20-07-2023 16:58,782.35
20-07-2023 18:13,4207.27
20-07-2023 18:23,1661.68
20-07-2023 18:26,1229.32
21-07-2023 16:43,12145.27
21-07-2023 16:54,1019.77
21-07-2023 17:02,578.06
21-07-2023 17:56,6216.77
21-07-2023 18:54,477.3
24-07-2023 16:01,2103.41
24-07-2023 16:02,1594.04
24-07-2023 16:07,4202.92
24-07-2023 16:14,5340.73
24-07-2023 16:15,5055.99
24-07-2023 16:18,167.28
24-07-2023 16:22,726.39
24-07-2023 16:25,12626.49
24-07-2023 16:41,7659.99
24-07-2023 16:42,1119.61
24-07-2023 16:44,5208.98
24-07-2023 17:02,2762.48
24-07-2023 17:04,666.42
24-07-2023 17:07,707.95
24-07-2023 17:09,9697.75
24-07-2023 17:30,6579.37
24-07-2023 17:46,3910.59
24-07-2023 18:08,6452.77
25-07-2023 17:17,4894.25
25-07-2023 17:21,1070.47
25-07-2023 17:24,5929.08
25-07-2023 17:42,6101.15
25-07-2023 18:00,5158.6
25-07-2023 18:28,1676.57
25-07-2023 18:41,412.78
25-07-2023 18:58,165.75
26-07-2023 16:05,11698.15
26-07-2023 16:27,1639.9
26-07-2023 16:44,711.66
26-07-2023 16:52,868.61
26-07-2023 16:54,4471.05
26-07-2023 17:25,9189.76
26-07-2023 17:29,8670.23
27-07-2023 16:01,7996.7
27-07-2023 16:55,4111.38
27-07-2023 17:04,9648.6
27-07-2023 17:30,3736.38
27-07-2023 18:34,5374.69
28-07-2023 16:03,3485.03
28-07-2023 16:29,10113.66
28-07-2023 17:19,1981.67
28-07-2023 17:36,8459.26
28-07-2023 18:42,9983.36
31-07-2023 16:01,7071.09
31-07-2023 16:04,11500.62
31-07-2023 16:25,7432.99
31-07-2023 16:25,4361.44
31-07-2023 16:37,7981.45
31-07-2023 16:46,1360.85
31-07-2023 16:51,14783.33
31-07-2023 16:52,202.69
31-07-2023 17:37,2840.43
31-07-2023 17:46,1660.66
31-07-2023 17:49,7879.66
31-07-2023 17:54,500.84
31-07-2023 18:39,4323.66
31-07-2023 18:52,6258.63
01-08-2023 16:11,6364.14
01-08-2023 16:13,5766.96
01-08-2023 17:14,7281.46
01-08-2023 17:54,1519.51
02-08-2023 16:01,8885
02-08-2023 16:52,13510.11
02-08-2023 17:32,7001.25
02-08-2023 17:52,6180.3
03-08-2023 16:19,1817.65
03-08-2023 17:25,1480.39
03-08-2023 17:32,10501.53
03-08-2023 17:42,160.57
03-08-2023 18:35,4087.44
04-08-2023 17:44,7158.58
04-08-2023 17:53,1324.03
04-08-2023 18:34,6169.71
07-08-2023 16:02,248.52
07-08-2023 16:02,5963.1
07-08-2023 16:06,1352.19
07-08-2023 16:15,2679.91
07-08-2023 16:16,4405.28
07-08-2023 16:21,416.89
07-08-2023 16:37,6776.41
07-08-2023 16:49,2583.07
07-08-2023 16:54,10269.78
07-08-2023 17:17,273.78
07-08-2023 17:25,14371.08
07-08-2023 17:29,7659.5
07-08-2023 17:45,719.52
07-08-2023 17:48,8361.7
07-08-2023 18:07,1451.02
07-08-2023 18:52,1161.84
08-08-2023 16:21,6115.63
08-08-2023 16:47,6285.39
08-08-2023 17:06,5526.97
08-08-2023 17:07,5403.79
08-08-2023 17:15,9963.39
08-08-2023 17:41,9754.73
08-08-2023 17:44,711.47
08-08-2023 18:39,709.42
09-08-2023 16:22,2018.9
09-08-2023 17:32,11041.9
09-08-2023 17:34,1103.64
09-08-2023 18:38,9313.05
09-08-2023 18:42,3290.72
10-08-2023 16:10,865.49
10-08-2023 16:16,9410.51
10-08-2023 16:23,1919.97
10-08-2023 16:28,588.5
10-08-2023 16:39,2154.58
10-08-2023 16:48,9155.35
10-08-2023 16:58,935.88
10-08-2023 18:30,1484.31
10-08-2023 18:31,8741.51
11-08-2023 16:31,603.79
11-08-2023 16:43,1454.08
11-08-2023 17:12,892.83
11-08-2023 17:27,7306.79
11-08-2023 18:20,2626.63
11-08-2023 18:31,9146.19
14-08-2023 16:01,6445.4
14-08-2023 16:01,1441.86
14-08-2023 16:09,941.49
14-08-2023 16:20,1381.75
14-08-2023 16:26,6067.44
14-08-2023 16:32,8765.38
14-08-2023 16:36,11417.91
14-08-2023 16:46,4618.53
14-08-2023 17:12,836.67
14-08-2023 17:18,6165.03
14-08-2023 17:28,7225.06
14-08-2023 17:29,7977.78
14-08-2023 17:41,2791.2
14-08-2023 17:43,6921.48
14-08-2023 18:08,9801.48
14-08-2023 18:13,6711.15
14-08-2023 18:14,8271.47
15-08-2023 16:57,6655.15
15-08-2023 17:21,3030.97
15-08-2023 17:35,369.86
15-08-2023 18:22,8469.43
16-08-2023 16:11,3065.87
16-08-2023 16:17,1651.33
16-08-2023 16:28,373.88
16-08-2023 16:40,3944.12
16-08-2023 16:41,14328.29
16-08-2023 17:49,1501.95
17-08-2023 16:26,1968.51
17-08-2023 16:44,2766.12
17-08-2023 16:54,3689.65
17-08-2023 16:55,2669.66
17-08-2023 17:10,12104.51
17-08-2023 18:31,1806.68
17-08-2023 18:32,1351.24
18-08-2023 17:02,4437.48
18-08-2023 17:07,14350.11
21-08-2023 16:03,8395.85
21-08-2023 16:07,4516.76
21-08-2023 16:16,7264.79
21-08-2023 16:28,822.73
21-08-2023 16:42,7471.63
21-08-2023 16:46,11835.35
21-08-2023 17:08,3382.91
21-08-2023 17:10,1819.91
21-08-2023 17:19,7542.74
21-08-2023 17:25,479.08
21-08-2023 17:32,7904.24
21-08-2023 18:07,8821.84
21-08-2023 18:09,5327.03
21-08-2023 18:11,9873.62
21-08-2023 18:36,9088.36
21-08-2023 18:51,5360.19
21-08-2023 18:51,5838.91
22-08-2023 16:31,7015.46
22-08-2023 16:34,528.38
22-08-2023 16:49,9500.79
23-08-2023 16:04,692.69
23-08-2023 16:32,3117.39
23-08-2023 17:22,2850.92
24-08-2023 16:46,1033.73
24-08-2023 16:47,1748.02
24-08-2023 16:56,1382.62
24-08-2023 17:13,1230.12
24-08-2023 17:34,117.98
24-08-2023 18:54,5358.95
25-08-2023 16:40,290.59
25-08-2023 16:45,6037.03
25-08-2023 16:52,4233.82
25-08-2023 17:26,4172.57
25-08-2023 17:26,1100.06
25-08-2023 17:47,3254.56
25-08-2023 18:01,5516.5
25-08-2023 18:24,6229.13
25-08-2023 18:47,3959.62
28-08-2023 16:00,6345.03
28-08-2023 16:02,7987.74
28-08-2023 16:08,319.04
28-08-2023 16:31,7166.88
28-08-2023 16:40,7600.99
28-08-2023 16:41,4226.26
28-08-2023 16:41,5400.44
28-08-2023 16:43,2120.8
28-08-2023 16:52,1943.13
28-08-2023 16:56,416.37
28-08-2023 17:03,10556.81
28-08-2023 17:07,1419.31
28-08-2023 17:08,921.23
28-08-2023 17:13,5859.79
28-08-2023 17:19,1845.18
28-08-2023 17:34,4671.69
28-08-2023 17:56,3688.98
28-08-2023 17:59,7447.44
28-08-2023 18:27,1697.58
28-08-2023 18:32,1973.63
29-08-2023 16:17,3139.75
29-08-2023 16:19,7139.11
29-08-2023 16:22,4287.82
29-08-2023 17:55,4826.88
29-08-2023 18:30,8643.51
30-08-2023 16:11,754.21
30-08-2023 17:23,2042.22
30-08-2023 17:54,1562.9
30-08-2023 17:56,11388.15
30-08-2023 18:38,3173.17
31-08-2023 16:16,9257.04
31-08-2023 16:26,4076.48
31-08-2023 16:38,2620.74
31-08-2023 16:42,905.25
31-08-2023 17:29,2287.93
31-08-2023 17:43,1071.04
01-09-2023 16:07,8647.04
01-09-2023 16:09,263.98
01-09-2023 16:19,5183.5
01-09-2023 17:26,2115.8
01-09-2023 17:51,3488.77
01-09-2023 18:05,518.54
04-09-2023 16:04,9834
04-09-2023 16:13,1729.02
04-09-2023 16:41,2561.42
04-09-2023 16:48,797.1
04-09-2023 16:48,1415.52
04-09-2023 16:57,10915.11
04-09-2023 17:22,1941.8
04-09-2023 17:32,10513.52
04-09-2023 17:36,7530.3
04-09-2023 17:46,1040.25
04-09-2023 17:46,10721.29
04-09-2023 18:13,6179.91
04-09-2023 18:46,1058.13
05-09-2023 16:43,6782.61
05-09-2023 16:52,1711.78
05-09-2023 16:55,4046.58
05-09-2023 17:02,5878.89
05-09-2023 17:34,289.71
05-09-2023 18:45,6650.71
06-09-2023 16:01,7310.88
06-09-2023 16:03,13534.3
06-09-2023 16:24,7975.18
06-09-2023 16:28,12648.32
06-09-2023 16:44,5726.2
06-09-2023 17:01,11822.53
06-09-2023 18:43,8135.31
06-09-2023 18:56,3157.75
07-09-2023 16:07,303.68
07-09-2023 16:08,464.2
07-09-2023 16:27,6227.99
07-09-2023 16:28,12799.34
07-09-2023 16:47,8485.14
07-09-2023 16:51,918.88
07-09-2023 17:19,1938.01
07-09-2023 17:44,5008.59
08-09-2023 16:28,3990.6
08-09-2023 16:48,3653.11
08-09-2023 17:08,1088.62
08-09-2023 17:48,4913.42
08-09-2023 17:50,4315.07
08-09-2023 18:16,5134.37
08-09-2023 18:24,13293.83
11-09-2023 16:09,13587.52
11-09-2023 16:19,7643.66
11-09-2023 16:24,1268.67
11-09-2023 16:25,1075.15
11-09-2023 16:35,319.18
11-09-2023 16:36,10628.59
11-09-2023 16:52,5143.8
11-09-2023 17:05,6089.79
11-09-2023 17:15,151.28
11-09-2023 17:43,8086.04
11-09-2023 17:52,7216.3
12-09-2023 16:28,4363.74
12-09-2023 16:32,646.85
12-09-2023 16:50,319.84
12-09-2023 17:21,6142.54
12-09-2023 17:50,4336.4
12-09-2023 18:46,8524.09
12-09-2023 18:52,5003.22
13-09-2023 16:14,6290.62
13-09-2023 16:18,11624.93
13-09-2023 16:22,1670.99
13-09-2023 16:41,1959.52
13-09-2023 16:55,4317.85
13-09-2023 17:58,7567.17
13-09-2023 18:38,7303.23
13-09-2023 18:47,454.66
13-09-2023 18:49,8839.67
14-09-2023 16:58,7059.77
14-09-2023 17:04,5461.08
14-09-2023 17:08,4760.34
14-09-2023 17:25,7508.98
15-09-2023 17:00,1649.92
15-09-2023 17:03,1597.51
18-09-2023 16:00,13182.11
18-09-2023 16:03,8981.61
18-09-2023 16:04,10788.89
18-09-2023 16:15,4718.51
18-09-2023 16:18,8208.54
18-09-2023 16:27,4148.85
18-09-2023 16:28,852.98
18-09-2023 16:40,10135.88
18-09-2023 16:40,1293.39
18-09-2023 16:51,927.47
18-09-2023 17:31,1092.92
18-09-2023 17:41,10095.23
18-09-2023 17:44,447.53
18-09-2023 18:35,3438.02
19-09-2023 16:32,8292.75
19-09-2023 16:44,293.06
19-09-2023 16:55,1238.11
19-09-2023 16:56,7788.91
19-09-2023 17:23,1918.36
19-09-2023 17:38,611.86
19-09-2023 17:45,1008.44
20-09-2023 16:30,9588.71
20-09-2023 16:37,5670
20-09-2023 16:55,1351.69
20-09-2023 16:57,1665.58
20-09-2023 16:59,3927.69
20-09-2023 17:09,9374.24
20-09-2023 17:25,3085.38
20-09-2023 17:44,4026.03
20-09-2023 17:49,521.88
20-09-2023 18:18,7537.4
21-09-2023 16:05,2039.4
21-09-2023 16:08,5117.03
21-09-2023 16:42,8475.47
21-09-2023 17:41,5123.24
21-09-2023 18:13,6275
22-09-2023 16:13,1189.03
22-09-2023 16:42,3583.67
22-09-2023 16:42,5581.21
22-09-2023 17:40,8932.39
22-09-2023 17:44,6711.78
22-09-2023 18:02,1570.22
25-09-2023 16:07,7976.6
25-09-2023 16:11,12526.71
25-09-2023 16:23,6430.41
25-09-2023 16:23,602.36
25-09-2023 16:26,9690.15
25-09-2023 16:32,8457.09
25-09-2023 16:37,1220.86
25-09-2023 16:40,14343
25-09-2023 16:56,852.2
25-09-2023 16:58,1969.48
25-09-2023 17:01,151.42
25-09-2023 17:11,1588.31
25-09-2023 17:48,4746.71
25-09-2023 17:58,8883.4
25-09-2023 18:46,9968.49
26-09-2023 16:08,123.24
26-09-2023 16:15,13777.1
26-09-2023 17:02,818.36
26-09-2023 17:07,7676.92
27-09-2023 16:25,12958.65
27-09-2023 16:39,7044.63
27-09-2023 16:55,243.92
27-09-2023 18:52,14330.47
28-09-2023 16:14,825.69
28-09-2023 16:20,10090.05
28-09-2023 16:33,6126.5
28-09-2023 17:06,12352.2
28-09-2023 17:53,5468.58
28-09-2023 18:53,7375.59
29-09-2023 16:53,1334.09
29-09-2023 17:31,1044.33
29-09-2023 18:23,4273.99
29-09-2023 18:54,816.08
02-10-2023 16:03,2000.6
02-10-2023 16:20,1346.88
02-10-2023 16:32,4331.54
02-10-2023 16:33,6747.16
02-10-2023 16:35,930.3
02-10-2023 16:36,2929.91
02-10-2023 17:44,2104.82
02-10-2023 18:21,761.78
02-10-2023 18:57,1688.9
03-10-2023 16:15,1292.1
03-10-2023 16:16,2104.74
03-10-2023 16:22,3651.07
03-10-2023 16:39,8892.62
03-10-2023 16:48,1461.17
03-10-2023 17:06,6095.5
03-10-2023 17:14,5184.13
03-10-2023 17:27,2246.15
04-10-2023 16:01,3299.84
04-10-2023 16:36,605.95
04-10-2023 16:47,609.6
04-10-2023 17:06,5237.12
04-10-2023 17:10,7717.34
04-10-2023 17:41,3886.65
04-10-2023 17:49,4673.28
04-10-2023 18:25,6944.9
05-10-2023 16:27,1804.5
05-10-2023 18:40,1024.42
06-10-2023 16:05,1380.34
06-10-2023 16:14,5315.83
06-10-2023 18:26,8494.53
06-10-2023 18:39,3475.99
06-10-2023 18:44,5499.91
09-10-2023 16:00,2116.36
09-10-2023 16:01,8365.37
09-10-2023 16:17,101.25
09-10-2023 16:29,781.7
09-10-2023 16:44,14852.42
09-10-2023 16:48,7484.32
09-10-2023 16:50,6628.75
09-10-2023 16:52,2617.23
09-10-2023 16:52,596.16
09-10-2023 17:23,2485.73
09-10-2023 17:32,7624.56
09-10-2023 17:48,14611.9
09-10-2023 18:20,8359.5
09-10-2023 18:28,3133.85
09-10-2023 18:41,1368
09-10-2023 18:43,2015.69
09-10-2023 18:54,13856.18
10-10-2023 16:42,587.11
10-10-2023 17:07,8119.73
10-10-2023 17:16,2272.17
10-10-2023 17:24,9603.73
10-10-2023 18:12,7597.66
10-10-2023 18:14,569.25
11-10-2023 16:14,7936.91
11-10-2023 17:36,6860.18
11-10-2023 18:50,264.83
12-10-2023 16:02,7844.88
12-10-2023 16:29,7334.08
12-10-2023 16:29,6499.53
12-10-2023 16:37,5061.3
12-10-2023 16:57,414.43
12-10-2023 17:07,7914.88
12-10-2023 17:10,6853.51
12-10-2023 17:20,944.83
12-10-2023 17:39,3506.11
12-10-2023 18:11,5449.37
13-10-2023 16:05,7872.04
13-10-2023 16:08,3293.01
13-10-2023 16:22,10915.54
16-10-2023 16:06,6067.62
16-10-2023 16:09,4069.17
16-10-2023 16:11,2810.37
16-10-2023 16:12,3100.22
16-10-2023 16:13,566.83
16-10-2023 16:15,5211.88
16-10-2023 16:23,362.4
16-10-2023 16:29,1121.19
16-10-2023 16:32,1889.78
16-10-2023 16:32,5764.72
16-10-2023 16:44,5946.61
16-10-2023 16:49,9817.05
16-10-2023 16:50,802.09
16-10-2023 16:51,2037.75
16-10-2023 16:55,1137.13
16-10-2023 16:59,14401.17
16-10-2023 17:08,9584.52
16-10-2023 17:12,9749.46
16-10-2023 17:32,9427.06
16-10-2023 17:43,164.12
16-10-2023 17:46,6475.13
16-10-2023 17:47,1790.27
16-10-2023 18:07,2051.37
16-10-2023 18:15,3901.82
16-10-2023 18:38,1671.86
16-10-2023 18:47,966.88
16-10-2023 18:57,3138
17-10-2023 16:09,14829.85
17-10-2023 16:58,3559.96
17-10-2023 17:24,2049.51
17-10-2023 18:02,1305.56
18-10-2023 16:20,2264.98
18-10-2023 16:28,12381.45
18-10-2023 16:44,731.52
18-10-2023 16:44,6941.47
18-10-2023 16:51,8564.46
18-10-2023 17:47,3876.61
18-10-2023 18:17,1185.43
18-10-2023 18:32,919.84
19-10-2023 16:14,857.9
19-10-2023 16:34,11935.14
19-10-2023 16:42,5873.54
19-10-2023 17:06,6368.32
19-10-2023 17:34,7369.89
19-10-2023 17:41,5415.64
19-10-2023 18:06,5684.09
19-10-2023 18:11,7707.96
20-10-2023 16:02,6412.85
20-10-2023 16:29,9404.63
20-10-2023 17:27,9869.93
20-10-2023 17:48,7567.2
20-10-2023 18:34,7287.94
23-10-2023 16:03,8616.05
23-10-2023 16:03,1100.64
23-10-2023 16:15,13913.92
23-10-2023 16:19,4672.8
23-10-2023 16:27,8590.5
23-10-2023 16:35,6189.24
23-10-2023 16:45,9141.79
23-10-2023 16:47,2854.66
23-10-2023 16:50,2037.85
23-10-2023 17:16,1306.91
23-10-2023 17:17,7949.03
23-10-2023 17:25,983.68
23-10-2023 18:00,859.86
23-10-2023 18:37,1806
23-10-2023 18:38,5442.76
23-10-2023 18:41,2619.46
23-10-2023 18:46,1137.89
24-10-2023 16:12,8450.84
24-10-2023 16:43,2929.51
24-10-2023 17:04,1358.54
24-10-2023 17:09,6675.03
25-10-2023 16:03,9716.68
25-10-2023 17:37,6683.31
25-10-2023 17:50,8459.18
26-10-2023 16:11,7587.48
26-10-2023 16:19,268.77
26-10-2023 16:52,2631.47
26-10-2023 16:54,5773.5
26-10-2023 16:59,813.68
26-10-2023 17:51,7947.44
27-10-2023 17:26,7234.15
27-10-2023 18:28,10462.77
30-10-2023 16:01,7954.12
30-10-2023 16:02,5500.56
30-10-2023 16:18,7677.76
30-10-2023 16:36,708.74
30-10-2023 16:38,4384.95
30-10-2023 16:45,563.46
30-10-2023 16:58,5427.98
30-10-2023 17:07,6397.29
30-10-2023 17:17,221.56
30-10-2023 17:21,5331.57
30-10-2023 17:24,1236.38
30-10-2023 17:48,8994.39
30-10-2023 17:54,8345.26
30-10-2023 18:58,261.97
31-10-2023 16:05,1569.75
31-10-2023 16:11,2712.96
31-10-2023 16:45,1334.6
31-10-2023 16:46,1081.97
31-10-2023 16:48,6863.06
31-10-2023 16:49,895.66
31-10-2023 16:54,2990.05
31-10-2023 17:06,8371.11
31-10-2023 17:06,10483.93
01-11-2023 16:09,167.72
01-11-2023 16:52,6144.68
01-11-2023 17:59,2782.21
02-11-2023 16:01,13988.12
02-11-2023 16:05,1670.72
02-11-2023 16:15,9165.02
02-11-2023 16:36,13498.55
03-11-2023 16:31,1008.76
03-11-2023 16:39,363.92
03-11-2023 16:45,12904.66
03-11-2023 16:50,4324.4
03-11-2023 16:50,9384.54
03-11-2023 18:33,7208.15
03-11-2023 18:37,2991.17
03-11-2023 18:44,1893.44
06-11-2023 16:19,6109.55
06-11-2023 16:24,5141.32
06-11-2023 16:28,1541.48
06-11-2023 16:31,2732.86
06-11-2023 16:32,6777.12
06-11-2023 16:34,7176.86
06-11-2023 16:35,11146.74
06-11-2023 16:56,5414.97
06-11-2023 17:20,1188.95
06-11-2023 17:22,8709.77
06-11-2023 17:23,7358.65
06-11-2023 17:23,5950.48
06-11-2023 17:53,481.13
06-11-2023 17:58,1022.94
06-11-2023 18:42,443.62
06-11-2023 18:59,7272.01
07-11-2023 16:46,1120.88
07-11-2023 16:48,6651.62
07-11-2023 17:38,13446.81
07-11-2023 18:44,9100.81
07-11-2023 18:57,2989.25
08-11-2023 17:24,6851.31
08-11-2023 17:53,5619.91
08-11-2023 18:24,8640.56
08-11-2023 18:32,12995.7
09-11-2023 16:11,558.99
09-11-2023 16:47,2523.83
09-11-2023 17:02,1712.65
09-11-2023 17:51,1519.38
09-11-2023 18:45,9938.2
10-11-2023 16:06,8013.63
10-11-2023 16:10,1444.75
10-11-2023 16:26,14977.99
10-11-2023 16:43,2618.1
10-11-2023 16:50,6911.62
10-11-2023 18:02,2567.53
13-11-2023 16:03,1000.35
13-11-2023 16:11,7885.64
13-11-2023 16:16,932.61
13-11-2023 16:30,7458.63
13-11-2023 16:32,964.79
13-11-2023 16:41,471.28
13-11-2023 16:42,8836.51
13-11-2023 16:46,9951.68
13-11-2023 17:07,3806.16
13-11-2023 17:34,7371.85
13-11-2023 18:26,14143.32
14-11-2023 16:09,12002.16
14-11-2023 16:23,6851.16
14-11-2023 16:37,12033.92
14-11-2023 16:56,4180.4
14-11-2023 17:23,9127.65
14-11-2023 18:33,6462.41
14-11-2023 18:49,701.73
15-11-2023 16:00,409.26
15-11-2023 16:08,6213.32
15-11-2023 17:32,7858.41
15-11-2023 18:56,1697.67
15-11-2023 18:57,7261.59
16-11-2023 16:30,4515.43
16-11-2023 16:33,6741.41
16-11-2023 17:14,8583.39
16-11-2023 17:26,4750.96
16-11-2023 17:57,13566.58
17-11-2023 16:39,9847.6
17-11-2023 16:40,1769.33
17-11-2023 16:50,2457.1
17-11-2023 17:59,271.78
20-11-2023 16:05,4444.95
20-11-2023 16:06,3466.74
20-11-2023 16:07,1929.28
20-11-2023 16:27,12154.66
20-11-2023 16:28,791.65
20-11-2023 16:28,4201.22
20-11-2023 16:29,6381.6
20-11-2023 16:31,4880.31
20-11-2023 16:39,189.69
20-11-2023 16:41,1504.64
20-11-2023 16:42,5798.92
20-11-2023 16:51,13347.69
20-11-2023 16:59,11014.25
20-11-2023 17:08,7117.35
20-11-2023 17:10,9344.98
20-11-2023 17:11,5018.67
20-11-2023 17:15,1447.26
20-11-2023 17:17,9028.49
20-11-2023 18:40,842.56
20-11-2023 18:53,6312.79
21-11-2023 16:26,756.74
21-11-2023 16:45,1072.25
21-11-2023 16:58,900.61
21-11-2023 17:05,8926.38
22-11-2023 16:07,6810.05
22-11-2023 16:10,7527.04
22-11-2023 16:13,1829.9
22-11-2023 17:01,1478.41
23-11-2023 16:09,9033.87
23-11-2023 16:14,1833.67
23-11-2023 16:15,6217.86
23-11-2023 16:51,1073.51
23-11-2023 16:59,9274.64
23-11-2023 17:17,7794.84
23-11-2023 17:23,6264.21
23-11-2023 17:44,10585.48
23-11-2023 18:00,6280.66
24-11-2023 16:30,13388.56
24-11-2023 16:45,4840.67
24-11-2023 16:49,9962.5
24-11-2023 17:00,5771.4
24-11-2023 17:11,9939.94
24-11-2023 17:24,3120.1
24-11-2023 17:29,1546.22
24-11-2023 17:52,1615.04
24-11-2023 18:51,1475.46
27-11-2023 16:05,3313.07
27-11-2023 16:10,6824
27-11-2023 16:14,6012.67
27-11-2023 16:27,921.91
27-11-2023 16:30,6568.07
27-11-2023 16:33,2987.97
27-11-2023 16:37,7888.76
27-11-2023 16:38,5558.36
27-11-2023 16:45,265.51
27-11-2023 16:57,1292.21
27-11-2023 17:01,11847.07
27-11-2023 17:04,2475.65
27-11-2023 17:19,9562.41
27-11-2023 17:29,5126.65
27-11-2023 17:34,14273.42
27-11-2023 17:51,10171.68
27-11-2023 18:26,3984.38
27-11-2023 18:28,193.06
27-11-2023 18:32,447.82
28-11-2023 16:09,686.91
28-11-2023 16:38,421.44
28-11-2023 18:04,8726.92
29-11-2023 16:11,1490.44
29-11-2023 16:27,6712.94
29-11-2023 16:46,7802.36
29-11-2023 17:15,6659.12
29-11-2023 17:43,7145.67
29-11-2023 17:55,1593.03
29-11-2023 18:10,370.81
30-11-2023 16:07,1549.27
30-11-2023 16:31,9418.08
30-11-2023 16:52,5956.89
30-11-2023 17:48,7591.13
30-11-2023 17:53,6810.94
30-11-2023 18:08,7153.72
01-12-2023 16:01,1726.4
01-12-2023 17:01,1370.03
01-12-2023 17:04,6171.89
01-12-2023 17:26,8287.54
01-12-2023 17:35,1285.42
01-12-2023 17:45,2293.13
01-12-2023 18:46,5894.09
04-12-2023 16:08,6911.2
04-12-2023 16:10,7135.64
04-12-2023 16:14,9578.74
04-12-2023 16:16,3493.13
04-12-2023 16:20,9575.42
04-12-2023 16:23,3228.87
04-12-2023 16:27,658.91
04-12-2023 16:27,796.35
04-12-2023 16:31,13779.97
04-12-2023 16:57,2963.29
04-12-2023 17:06,1636.32
04-12-2023 17:07,4057.1
04-12-2023 17:54,816.01
04-12-2023 18:01,591.23
04-12-2023 18:06,6292.29
04-12-2023 18:11,1769.06
04-12-2023 18:27,4392.73
04-12-2023 18:30,325.15
04-12-2023 18:43,5434.64
05-12-2023 16:04,6570.94
05-12-2023 16:19,1719.97
05-12-2023 16:32,1968.36
05-12-2023 17:51,13793.53
05-12-2023 17:57,1307.23
06-12-2023 16:42,1445.47
06-12-2023 17:10,8171.26
06-12-2023 17:27,10001.66
06-12-2023 17:34,8576.65
06-12-2023 18:15,2552.54
07-12-2023 16:02,7310.83
07-12-2023 16:10,3101.54
07-12-2023 16:19,3841.42
07-12-2023 16:20,1389.37
07-12-2023 16:59,7801.32
07-12-2023 17:13,9297.5
08-12-2023 16:06,330.16
08-12-2023 16:16,5839.38
08-12-2023 16:39,3319.76
08-12-2023 16:45,1503.56
08-12-2023 16:47,1533.32
08-12-2023 17:05,906.2
08-12-2023 17:05,7380.63
08-12-2023 17:24,312.19
11-12-2023 16:03,14409.74
11-12-2023 16:06,6095.65
11-12-2023 16:06,7696.16
11-12-2023 16:09,1602.13
11-12-2023 16:23,1171.98
11-12-2023 16:37,6486.18
11-12-2023 16:40,5209.16
11-12-2023 16:47,1242.49
11-12-2023 16:57,7322.01
11-12-2023 17:19,5579.11
11-12-2023 17:26,5103.67
11-12-2023 17:28,1547.71
11-12-2023 18:32,954.83
11-12-2023 18:43,6697.79
12-12-2023 16:17,1730.28
12-12-2023 16:23,3465.54
12-12-2023 16:56,2202.21
12-12-2023 16:57,7473.73
12-12-2023 17:20,5897.29
12-12-2023 17:41,7863.6
13-12-2023 16:01,1509.27
13-12-2023 17:02,12801.93
13-12-2023 17:25,3753.24
14-12-2023 17:31,1061.96
14-12-2023 18:32,5109.97
14-12-2023 18:52,7697.68
14-12-2023 18:53,7645.47
15-12-2023 16:16,7568.4
15-12-2023 16:38,13264.14
15-12-2023 16:48,6847.47
15-12-2023 17:01,1879.82
18-12-2023 16:25,11726.47
18-12-2023 16:32,6133.22
18-12-2023 16:33,8802.97
18-12-2023 16:33,3872.55
18-12-2023 16:47,1182.77
18-12-2023 17:09,3921.74
18-12-2023 17:10,447.06
18-12-2023 17:22,765.81
18-12-2023 17:53,9738.6
18-12-2023 18:11,7531.43
18-12-2023 18:25,1913.06
18-12-2023 18:34,7330.31
18-12-2023 18:41,6323.45
18-12-2023 18:46,1362.39
19-12-2023 16:46,8253.52
19-12-2023 16:55,2513.56
19-12-2023 16:57,636.42
19-12-2023 17:11,6697.77
19-12-2023 17:19,548.45
20-12-2023 16:17,3656.93
20-12-2023 16:17,2757.23
20-12-2023 16:41,4576.78
20-12-2023 17:13,13586.99
20-12-2023 17:15,874.93
20-12-2023 18:12,11833.73
20-12-2023 18:58,7534.73
21-12-2023 16:37,1375.8
21-12-2023 17:01,12893.63
21-12-2023 17:56,1111.67
22-12-2023 16:27,3484.32
22-12-2023 16:42,1389.89
22-12-2023 17:08,7361.47
22-12-2023 17:17,6372.58
22-12-2023 17:31,7516.56
22-12-2023 17:49,14077.97
22-12-2023 18:24,1146.09
25-12-2023 16:11,11036.74
25-12-2023 16:25,796.63
25-12-2023 16:25,9077.62
25-12-2023 16:30,9588.07
25-12-2023 16:30,10668.24
25-12-2023 16:32,9286.37
25-12-2023 16:56,1619.54
25-12-2023 16:58,751.09
25-12-2023 17:01,1025.99
25-12-2023 17:05,476.19
25-12-2023 17:12,5946.45
25-12-2023 17:13,6949.21
25-12-2023 17:18,914.16
25-12-2023 17:19,2409.73
25-12-2023 17:31,12990.77
25-12-2023 17:31,6009.43
25-12-2023 17:41,1483.84
25-12-2023 17:41,11619.1
25-12-2023 17:42,664.72
25-12-2023 17:46,14365.18
25-12-2023 17:53,11088.95
25-12-2023 18:03,8019.89
25-12-2023 18:16,5374.54
25-12-2023 18:29,4835.91
26-12-2023 16:07,9594.11
26-12-2023 16:08,3966.54
26-12-2023 17:40,10887.59
26-12-2023 18:13,1214.93
27-12-2023 16:48,7299.86
27-12-2023 17:18,1204.11
27-12-2023 18:55,10216.25
28-12-2023 16:27,12221.17
28-12-2023 16:34,2610.67
28-12-2023 16:46,13374.89
28-12-2023 16:51,1119.21
28-12-2023 17:31,6689.87
28-12-2023 18:53,13265.92
29-12-2023 16:30,4298.13
29-12-2023 16:38,8602.22
29-12-2023 17:17,3801.82
29-12-2023 17:37,5670.82
29-12-2023 17:55,13084.27
29-12-2023 18:07,7950.48
29-12-2023 18:29,13899.24
