split,timestamp,forecast,actual,error,q00,q10,q20,q30,q40,q50,q60,q70,q80,q90
70_15_15_validation,2023-09-12 10:30:00,5123.8203,5111.09,-12.730469,5125.719,5076.292,5076.292,5105.5117,5119.635,5123.8203,5123.8203,5124.0156,5126.6396,5165.516
70_15_15_validation,2023-09-12 10:35:00,5135.747,5100.5635,-35.183594,5120.0776,5022.919,5067.699,5067.699,5105.7095,5135.747,5138.145,5138.145,5138.145,5205.911
70_15_15_validation,2023-09-12 10:40:00,5113.4385,5090.0376,-23.400879,5149.691,4986.797,5050.3433,5050.3433,5105.421,5113.4385,5113.4385,5113.4385,5113.4385,5207.18
70_15_15_validation,2023-09-12 10:45:00,5082.1675,5079.5117,-2.6557617,5113.731,4947.817,5010.91,5010.91,5010.91,5082.1675,5132.3354,5132.3354,5132.3354,5211.1787
70_15_15_validation,2023-09-12 10:50:00,5097.126,5068.9854,-28.140625,5122.3574,4963.7407,5027.6753,5049.8657,5049.8657,5097.126,5138.516,5138.516,5149.9478,5202.02
70_15_15_validation,2023-09-12 10:55:00,5076.443,5058.4595,-17.983398,5090.5615,4975.16,5018.8115,5018.8115,5043.8594,5076.443,5080.9595,5091.732,5140.376,5211.517
70_15_15_validation,2023-09-12 11:00:00,5058.8506,5047.9336,-10.916992,5076.683,4907.2856,4984.804,4984.804,5035.902,5058.8506,5063.809,5091.835,5092.6304,5230.2363
70_15_15_validation,2023-09-12 11:05:00,5054.4424,5037.407,-17.035156,5076.759,4836.9536,4986.2793,4986.2793,5009.446,5054.4424,5106.4644,5106.4644,5106.4644,5214.12
70_15_15_validation,2023-09-12 11:10:00,5038.2803,5026.8813,-11.398926,5020.939,4861.8945,4960.22,4960.22,4983.2256,5038.2803,5069.1943,5084.9854,5084.9854,5193.51
70_15_15_validation,2023-09-12 11:15:00,5060.7812,5016.355,-44.42627,5045.4224,4895.2866,4991.905,5016.5625,5029.699,5060.7812,5089.5757,5101.8135,5160.224,5265.8193
70_15_15_validation,2023-09-12 11:20:00,5046.4937,5005.829,-40.66455,4948.7354,4908.5835,4966.884,4994.8115,4994.8115,5046.4937,5113.8594,5113.8594,5141.4365,5204.904
70_15_15_validation,2023-09-12 11:25:00,5004.1904,4995.303,-8.887207,5112.3296,4795.426,4982.6113,4982.996,4982.996,5004.1904,5056.9805,5056.9805,5056.9805,5209.565
70_15_15_test,2023-11-05 14:30:00,4588.6787,4549.337,-39.341797,4591.7373,4561.802,4576.4478,4576.4478,4576.4478,4588.6787,4594.6904,4597.032,4603.8228,4637.3057
70_15_15_test,2023-11-05 14:35:00,4584.0903,4554.386,-29.704102,4608.829,4543.526,4543.526,4543.526,4582.5483,4584.0903,4584.0903,4609.963,4609.963,4620.959
70_15_15_test,2023-11-05 14:40:00,4601.7295,4559.4355,-42.293945,4627.2637,4549.627,4559.8184,4575.159,4589.2764,4601.7295,4614.9106,4614.9106,4634.2314,4650.5537
70_15_15_test,2023-11-05 14:45:00,4609.878,4564.4844,-45.393555,4601.6294,4560.473,4583.526,4584.199,4587.1167,4609.878,4629.5967,4629.5967,4642.681,4687.5146
70_15_15_test,2023-11-05 14:50:00,4606.1904,4569.5337,-36.65674,4633.9697,4553.998,4564.64,4587.298,4603.6733,4606.1904,4621.6562,4646.5464,4657.2197,4681.418
70_15_15_test,2023-11-05 14:55:00,4603.158,4574.583,-28.575195,4606.9087,4554.1714,4554.1714,4597.5703,4597.5703,4603.158,4613.684,4626.2114,4656.3623,4660.4287
70_15_15_test,2023-11-05 15:00:00,4608.598,4579.6323,-28.96582,4616.5522,4549.387,4564.229,4564.229,4590.5684,4608.598,4623.9814,4638.763,4638.763,4683.093
70_15_15_test,2023-11-05 15:05:00,4623.059,4584.6816,-38.37744,4651.3423,4509.5435,4586.8076,4608.768,4608.807,4623.059,4629.716,4637.267,4637.267,4735.8086
70_15_15_test,2023-11-05 15:10:00,4629.2876,4589.7305,-39.55713,4646.274,4578.347,4602.1367,4602.1367,4602.1367,4629.2876,4669.7827,4669.7827,4669.7827,4676.472
70_15_15_test,2023-11-05 15:15:00,4637.555,4594.78,-42.77539,4653.467,4596.0083,4596.0083,4596.0083,4631.7886,4637.555,4637.555,4657.524,4657.524,4672.543
70_15_15_test,2023-11-05 15:20:00,4637.0127,4599.829,-37.183594,4651.472,4558.879,4558.879,4607.492,4607.492,4637.0127,4644.045,4644.045,4688.9175,4688.9175
70_15_15_test,2023-11-05 15:25:00,4642.5225,4604.8784,-37.644043,4653.9043,4562.8438,4581.175,4581.175,4614.6777,4642.5225,4651.5444,4685.9663,4685.9663,4722.673
80_10_10_validation,2023-10-18 13:10:00,2231.987,2128.9429,-103.04419,2245.652,2202.3577,2202.3577,2218.9343,2224.3953,2231.987,2243.4553,2261.1013,2261.1013,2281.862
80_10_10_validation,2023-10-18 13:15:00,2254.9282,2132.5227,-122.40552,2284.5708,2188.649,2209.35,2209.35,2240.5996,2254.9282,2254.9282,2281.018,2281.018,2282.5117
80_10_10_validation,2023-10-18 13:20:00,2250.8179,2136.1028,-114.71509,2237.6353,2184.3555,2209.6157,2216.1606,2242.8564,2250.8179,2250.8179,2263.2227,2269.5054,2283.9897
80_10_10_validation,2023-10-18 13:25:00,2237.767,2139.6826,-98.08447,2302.9512,2145.1782,2202.498,2202.498,2202.498,2237.767,2252.5996,2252.5996,2252.5996,2287.125
80_10_10_validation,2023-10-18 13:30:00,2257.1858,2143.2625,-113.92334,2261.2947,2200.9514,2223.4944,2233.9744,2245.2874,2257.1858,2270.9827,2284.2468,2292.9695,2301.0168
80_10_10_validation,2023-10-18 13:35:00,2255.5208,2146.8425,-108.67822,2224.9524,2224.5647,2224.5647,2229.8445,2237.9104,2255.5208,2264.7048,2270.297,2313.719,2313.719
80_10_10_validation,2023-10-18 13:40:00,2248.8672,2150.4224,-98.444824,2262.7563,2180.6274,2192.754,2192.754,2220.354,2248.8672,2248.8672,2260.7617,2263.8296,2293.8408
80_10_10_validation,2023-10-18 13:45:00,2261.142,2154.0022,-107.13989,2301.4937,2147.0703,2230.3213,2237.7446,2237.7446,2261.142,2276.231,2276.231,2284.9448,2349.417
80_10_10_validation,2023-10-18 13:50:00,2257.5508,2157.5823,-99.968506,2284.0474,2202.0117,2223.3677,2223.3677,2230.912,2257.5508,2283.9917,2283.9917,2283.9917,2302.2866
80_10_10_validation,2023-10-18 13:55:00,2275.9614,2161.162,-114.79932,2314.2266,2229.149,2229.149,2237.9712,2258.2573,2275.9614,2281.644,2298.4404,2307.8638,2327.276
80_10_10_validation,2023-10-18 14:00:00,2275.6882,2164.7422,-110.946045,2258.4504,2203.3577,2203.3577,2252.6277,2252.6277,2275.6882,2303.4524,2303.4524,2338.8196,2338.8196
80_10_10_validation,2023-10-18 14:05:00,2271.9133,2168.322,-103.59131,2360.0608,2172.97,2226.9426,2234.426,2244.0085,2271.9133,2290.6042,2301.674,2301.674,2366.7747
80_10_10_test,2023-11-23 15:50:00,8864.141,8952.042,87.90137,8857.127,8610.064,8717.422,8781.914,8846.603,8864.141,8864.141,8864.141,8864.141,8865.098
80_10_10_test,2023-11-23 15:55:00,8860.895,8979.318,118.42383,8687.731,8554.223,8750.13,8762.366,8823.79,8860.895,8866.905,8888.753,8888.753,8888.753
80_10_10_test,2023-11-23 16:00:00,8882.328,9006.594,124.265625,8867.9,8512.368,8740.838,8829.685,8875.077,8882.328,8882.328,8882.328,8882.328,8887.176
80_10_10_test,2023-11-23 16:05:00,8650.389,9033.87,383.48145,8663.016,8157.158,8505.797,8597.375,8597.375,8650.389,8683.332,8683.332,8683.332,8683.332
80_10_10_test,2023-11-23 16:10:00,8693.537,1833.67,-6859.867,8644.439,8159.0337,8493.208,8608.583,8647.094,8693.537,8725.32,8725.32,8725.32,8725.32
80_10_10_test,2023-11-23 16:15:00,9009.287,6217.86,-2791.4272,8922.766,8303.826,8743.642,8914.449,8990.902,9009.287,9009.287,9009.287,9009.287,9009.287
80_10_10_test,2023-11-23 16:20:00,8986.612,5482.9526,-3503.6597,8809.311,8065.0435,8732.095,8842.141,8964.049,8986.612,8986.612,9006.941,9006.941,9006.941
80_10_10_test,2023-11-23 16:25:00,8880.969,4748.046,-4132.923,8750.766,7817.495,8546.633,8749.521,8846.199,8880.969,8880.969,8880.969,8880.969,8880.969
80_10_10_test,2023-11-23 16:30:00,8897.275,4013.1387,-4884.1367,8717.679,7618.774,8485.796,8725.497,8833.926,8897.275,8943.87,8943.87,8943.87,8943.87
80_10_10_test,2023-11-23 16:35:00,8878.633,3278.2314,-5600.4014,8612.621,7400.9707,8326.164,8661.555,8795.088,8878.633,8905.936,8905.936,8905.936,8905.936
80_10_10_test,2023-11-23 16:40:00,8873.2,2543.3242,-6329.876,8426.808,7237.92,8206.827,8575.099,8744.076,8873.2,8969.329,8969.329,8969.329,8969.329
80_10_10_test,2023-11-23 16:45:00,9016.38,1808.4171,-7207.963,8582.978,7070.1753,8246.085,8567.8545,8855.239,9016.38,9100.545,9100.545,9100.545,9100.545
60_20_20_validation,2023-08-07 07:50:00,3530.6912,3465.8367,-64.85449,3528.3457,3510.3408,3510.3408,3524.4858,3529.229,3530.6912,3533.6628,3537.4954,3537.4954,3546.232
60_20_20_validation,2023-08-07 07:55:00,3532.1624,3462.1628,-69.99951,3536.2917,3499.7327,3514.8044,3516.015,3527.9753,3532.1624,3536.3079,3548.8464,3548.8464,3549.426
60_20_20_validation,2023-08-07 08:00:00,3529.9277,3458.4893,-71.43848,3518.142,3490.75,3509.2354,3513.539,3526.3792,3529.9277,3529.9277,3532.9507,3532.9507,3548.8433
60_20_20_validation,2023-08-07 08:05:00,3520.8577,3454.8154,-66.04224,3531.3806,3471.857,3502.6982,3504.2795,3504.2795,3520.8577,3533.6965,3533.6965,3533.6965,3544.4504
60_20_20_validation,2023-08-07 08:10:00,3524.3354,3451.1416,-73.19385,3521.1377,3493.5303,3502.87,3514.4165,3515.3408,3524.3354,3530.0513,3530.0513,3534.101,3544.6816
60_20_20_validation,2023-08-07 08:15:00,3515.5747,3447.468,-68.10669,3533.414,3493.149,3499.1284,3500.9688,3511.9133,3515.5747,3515.5747,3518.9932,3531.6838,3531.6838
60_20_20_validation,2023-08-07 08:20:00,3506.8137,3443.7942,-63.01953,3518.515,3464.901,3486.523,3486.523,3503.297,3506.8137,3506.8137,3519.7239,3519.7239,3530.8303
60_20_20_validation,2023-08-07 08:25:00,3511.4507,3440.1204,-71.33032,3518.504,3461.1724,3499.3818,3499.3818,3509.7346,3511.4507,3526.8496,3526.8496,3526.8496,3548.346
60_20_20_validation,2023-08-07 08:30:00,3506.8054,3436.4468,-70.35864,3497.1785,3470.3352,3487.8787,3487.8787,3493.0154,3506.8054,3516.2332,3517.0286,3517.0286,3523.7727
60_20_20_validation,2023-08-07 08:35:00,3503.02,3432.773,-70.24707,3526.448,3472.687,3474.6548,3488.7227,3497.8613,3503.02,3505.171,3511.0132,3516.65,3529.184
60_20_20_validation,2023-08-07 08:40:00,3500.8772,3429.099,-71.778076,3489.3066,3463.4934,3463.4934,3487.8835,3487.8835,3500.8772,3513.9392,3513.9392,3520.8445,3520.8445
60_20_20_validation,2023-08-07 08:45:00,3494.209,3425.4255,-68.78345,3519.033,3443.86,3478.678,3483.3293,3487.6853,3494.209,3503.2136,3503.2136,3503.2136,3538.1475
60_20_20_test,2023-10-18 13:10:00,2231.987,2128.9429,-103.04419,2245.652,2202.3577,2202.3577,2218.9343,2224.3953,2231.987,2243.4553,2261.1013,2261.1013,2281.862
60_20_20_test,2023-10-18 13:15:00,2254.9282,2132.5227,-122.40552,2284.5708,2188.649,2209.35,2209.35,2240.5996,2254.9282,2254.9282,2281.018,2281.018,2282.5117
60_20_20_test,2023-10-18 13:20:00,2250.8179,2136.1028,-114.71509,2237.6353,2184.3555,2209.6157,2216.1606,2242.8564,2250.8179,2250.8179,2263.2227,2269.5054,2283.9897
60_20_20_test,2023-10-18 13:25:00,2237.767,2139.6826,-98.08447,2302.9512,2145.1782,2202.498,2202.498,2202.498,2237.767,2252.5996,2252.5996,2252.5996,2287.125
60_20_20_test,2023-10-18 13:30:00,2257.1858,2143.2625,-113.92334,2261.2947,2200.9514,2223.4944,2233.9744,2245.2874,2257.1858,2270.9827,2284.2468,2292.9695,2301.0168
60_20_20_test,2023-10-18 13:35:00,2255.5208,2146.8425,-108.67822,2224.9524,2224.5647,2224.5647,2229.8445,2237.9104,2255.5208,2264.7048,2270.297,2313.719,2313.719
60_20_20_test,2023-10-18 13:40:00,2248.8672,2150.4224,-98.444824,2262.7563,2180.6274,2192.754,2192.754,2220.354,2248.8672,2248.8672,2260.7617,2263.8296,2293.8408
60_20_20_test,2023-10-18 13:45:00,2261.142,2154.0022,-107.13989,2301.4937,2147.0703,2230.3213,2237.7446,2237.7446,2261.142,2276.231,2276.231,2284.9448,2349.417
60_20_20_test,2023-10-18 13:50:00,2257.5508,2157.5823,-99.968506,2284.0474,2202.0117,2223.3677,2223.3677,2230.912,2257.5508,2283.9917,2283.9917,2283.9917,2302.2866
60_20_20_test,2023-10-18 13:55:00,2275.9614,2161.162,-114.79932,2314.2266,2229.149,2229.149,2237.9712,2258.2573,2275.9614,2281.644,2298.4404,2307.8638,2327.276
60_20_20_test,2023-10-18 14:00:00,2275.6882,2164.7422,-110.946045,2258.4504,2203.3577,2203.3577,2252.6277,2252.6277,2275.6882,2303.4524,2303.4524,2338.8196,2338.8196
60_20_20_test,2023-10-18 14:05:00,2271.9133,2168.322,-103.59131,2360.0608,2172.97,2226.9426,2234.426,2244.0085,2271.9133,2290.6042,2301.674,2301.674,2366.7747
