split,origin_timestamp,timestamp,actual,forecast,error,q00,q10,q20,q30,q40,q50,q60,q70,q80,q90
walk_forward,2023-09-12 10:25:00,2023-09-12 10:30:00,5111.09,5123.8203,-12.730469,5125.719,5076.292,5076.292,5105.5117,5119.635,5123.8203,5123.8203,5124.0156,5126.6396,5165.516
walk_forward,2023-09-12 10:25:00,2023-09-12 10:35:00,5100.5635,5135.747,-35.183594,5120.0776,5022.919,5067.699,5067.699,5105.7095,5135.747,5138.145,5138.145,5138.145,5205.911
walk_forward,2023-09-12 10:25:00,2023-09-12 10:40:00,5090.0376,5113.4385,-23.400879,5149.691,4986.797,5050.3433,5050.3433,5105.421,5113.4385,5113.4385,5113.4385,5113.4385,5207.18
walk_forward,2023-09-12 10:25:00,2023-09-12 10:45:00,5079.5117,5082.1675,-2.6557617,5113.731,4947.817,5010.91,5010.91,5010.91,5082.1675,5132.3354,5132.3354,5132.3354,5211.1787
walk_forward,2023-09-12 10:25:00,2023-09-12 10:50:00,5068.9854,5097.126,-28.140625,5122.3574,4963.7407,5027.6753,5049.8657,5049.8657,5097.126,5138.516,5138.516,5149.9478,5202.02
walk_forward,2023-09-12 10:25:00,2023-09-12 10:55:00,5058.4595,5076.443,-17.983398,5090.5615,4975.16,5018.8115,5018.8115,5043.8594,5076.443,5080.9595,5091.732,5140.376,5211.517
walk_forward,2023-09-12 10:25:00,2023-09-12 11:00:00,5047.9336,5058.8506,-10.916992,5076.683,4907.2856,4984.804,4984.804,5035.902,5058.8506,5063.809,5091.835,5092.6304,5230.2363
walk_forward,2023-09-12 10:25:00,2023-09-12 11:05:00,5037.407,5054.4424,-17.035156,5076.759,4836.9536,4986.2793,4986.2793,5009.446,5054.4424,5106.4644,5106.4644,5106.4644,5214.12
walk_forward,2023-09-12 10:25:00,2023-09-12 11:10:00,5026.8813,5038.2803,-11.398926,5020.939,4861.8945,4960.22,4960.22,4983.2256,5038.2803,5069.1943,5084.9854,5084.9854,5193.51
walk_forward,2023-09-12 10:25:00,2023-09-12 11:15:00,5016.355,5060.7812,-44.42627,5045.4224,4895.2866,4991.905,5016.5625,5029.699,5060.7812,5089.5757,5101.8135,5160.224,5265.8193
walk_forward,2023-09-12 10:25:00,2023-09-12 11:20:00,5005.829,5046.4937,-40.66455,4948.7354,4908.5835,4966.884,4994.8115,4994.8115,5046.4937,5113.8594,5113.8594,5141.4365,5204.904
walk_forward,2023-09-12 10:25:00,2023-09-12 11:25:00,4995.303,5004.1904,-8.887207,5112.3296,4795.426,4982.6113,4982.996,4982.996,5004.1904,5056.9805,5056.9805,5056.9805,5209.565
walk_forward,2023-09-12 11:25:00,2023-09-12 11:30:00,4984.777,4994.8906,-10.11377,4971.2495,4932.235,4932.235,4959.7456,4987.8374,4994.8906,4994.8906,4994.8906,4995.0493,5045.4062
walk_forward,2023-09-12 11:25:00,2023-09-12 11:35:00,4974.251,5015.035,-40.78418,4998.0557,4892.1416,4917.2563,4917.2563,4969.5747,5015.035,5015.035,5015.035,5015.035,5087.4937
walk_forward,2023-09-12 11:25:00,2023-09-12 11:40:00,4963.725,4988.8276,-25.10254,5047.893,4856.345,4917.593,4917.593,4979.9873,4988.8276,4988.8276,4988.8276,4988.8276,5103.3184
walk_forward,2023-09-12 11:25:00,2023-09-12 11:45:00,4953.1987,4977.1274,-23.92871,5001.627,4848.2017,4904.6,4904.6,4904.6,4977.1274,5031.3857,5031.3857,5031.3857,5135.1543
walk_forward,2023-09-12 11:25:00,2023-09-12 11:50:00,4942.673,4969.6797,-27.006836,5019.1396,4832.836,4905.9375,4927.471,4927.471,4969.6797,5004.995,5004.995,5031.3003,5082.7886
walk_forward,2023-09-12 11:25:00,2023-09-12 11:55:00,4932.147,4950.4976,-18.350586,4965.2617,4843.1255,4888.314,4889.343,4916.048,4950.4976,4950.4976,4964.7188,5009.5923,5109.7134
walk_forward,2023-09-12 11:25:00,2023-09-12 12:00:00,4921.6206,4926.1685,-4.5478516,4966.651,4771.2954,4836.61,4836.61,4906.6035,4926.1685,4942.2466,4954.711,4959.134,5122.206
walk_forward,2023-09-12 11:25:00,2023-09-12 12:05:00,4911.0947,4933.022,-21.927246,4943.7886,4714.275,4866.951,4866.951,4885.8193,4933.022,4981.8354,4981.8354,4981.8354,5120.053
walk_forward,2023-09-12 11:25:00,2023-09-12 12:10:00,4900.569,4926.247,-25.678223,4887.2573,4743.078,4836.825,4836.825,4871.909,4926.247,4966.149,4971.507,4971.507,5107.069
walk_forward,2023-09-12 11:25:00,2023-09-12 12:15:00,4890.0425,4938.6367,-48.59424,4925.471,4775.3765,4867.7466,4885.56,4906.366,4938.6367,4968.444,4979.9634,5040.541,5166.5527
walk_forward,2023-09-12 11:25:00,2023-09-12 12:20:00,4879.5166,4921.6465,-42.129883,4831.1377,4765.932,4831.109,4863.2515,4863.2515,4921.6465,4978.7407,4978.7407,5021.3994,5092.188
walk_forward,2023-09-12 11:25:00,2023-09-12 12:25:00,4868.9907,4893.0996,-24.108887,4991.915,4683.0596,4855.6973,4857.0264,4857.0264,4893.0996,4943.9585,4943.9585,4943.9585,5129.9805
walk_forward,2023-09-12 12:25:00,2023-09-12 12:30:00,4858.4644,4872.908,-14.443848,4875.396,4803.144,4803.144,4843.3857,4867.209,4872.908,4872.908,4872.908,4874.0786,4923.049
walk_forward,2023-09-12 12:25:00,2023-09-12 12:35:00,4847.9385,4880.798,-32.859375,4903.956,4738.0703,4794.486,4794.486,4841.1377,4880.798,4880.798,4882.932,4882.932,4950.286
walk_forward,2023-09-12 12:25:00,2023-09-12 12:40:00,4837.412,4861.736,-24.32373,4881.815,4716.052,4798.5103,4798.5103,4852.1807,4861.736,4861.736,4861.736,4861.736,4975.506
walk_forward,2023-09-12 12:25:00,2023-09-12 12:45:00,4826.886,4841.559,-14.672852,4845.165,4702.033,4774.7046,4774.7046,4774.7046,4841.559,4892.0757,4892.0757,4892.0757,4991.665
walk_forward,2023-09-12 12:25:00,2023-09-12 12:50:00,4816.3604,4844.606,-28.245605,4913.4385,4694.447,4772.061,4799.6455,4799.6455,4844.606,4875.8066,4875.8066,4903.131,4966.364
walk_forward,2023-09-12 12:25:00,2023-09-12 12:55:00,4805.834,4827.5317,-21.697754,4884.254,4721.879,4757.4546,4771.776,4796.8203,4827.5317,4827.5317,4842.5283,4900.7188,4993.1626
walk_forward,2023-09-12 12:25:00,2023-09-12 13:00:00,4795.308,4808.3774,-13.069336,4848.0776,4662.9365,4726.9287,4726.9287,4790.2886,4808.3774,4818.0386,4849.288,4850.0693,5005.4287
walk_forward,2023-09-12 12:25:00,2023-09-12 13:05:00,4784.782,4806.0884,-21.306152,4820.12,4607.8784,4742.4536,4742.4536,4773.086,4806.0884,4861.194,4862.932,4862.932,4999.089
walk_forward,2023-09-12 12:25:00,2023-09-12 13:10:00,4774.256,4794.406,-20.149902,4766.4487,4617.7646,4708.5527,4708.5527,4741.4287,4794.406,4829.229,4836.945,4836.945,4972.241
walk_forward,2023-09-12 12:25:00,2023-09-12 13:15:00,4763.73,4816.048,-52.31787,4779.907,4652.7476,4733.0547,4754.9487,4788.15,4816.048,4838.0195,4848.3247,4906.544,5042.53
walk_forward,2023-09-12 12:25:00,2023-09-12 13:20:00,4753.204,4790.342,-37.137695,4690.501,4647.6523,4692.648,4742.0024,4742.0024,4790.342,4838.3467,4838.3467,4882.5986,4962.395
walk_forward,2023-09-12 12:25:00,2023-09-12 13:25:00,4742.6777,4761.4404,-18.762695,4838.1924,4577.2314,4726.638,4741.0674,4741.0674,4761.4404,4807.6763,4807.6763,4817.2427,5015.631
walk_forward,2023-09-12 13:25:00,2023-09-12 13:30:00,4732.152,4739.622,-7.470215,4737.379,4677.09,4677.09,4718.925,4739.622,4739.622,4739.758,4747.9424,4754.178,4807.5815
walk_forward,2023-09-12 13:25:00,2023-09-12 13:35:00,4721.626,4767.949,-46.323242,4755.0,4635.8755,4683.3066,4683.3066,4732.0957,4767.949,4771.6294,4781.624,4781.624,4860.282
walk_forward,2023-09-12 13:25:00,2023-09-12 13:40:00,4711.0996,4736.624,-25.524414,4748.5557,4595.705,4675.2104,4675.2104,4733.4985,4736.624,4736.624,4736.624,4736.624,4867.537
walk_forward,2023-09-12 13:25:00,2023-09-12 13:45:00,4700.5737,4714.624,-14.050293,4716.737,4568.7705,4641.3184,4641.3184,4641.3184,4714.624,4772.198,4772.198,4772.198,4895.187
walk_forward,2023-09-12 13:25:00,2023-09-12 13:50:00,4690.0474,4722.7964,-32.749023,4785.19,4575.247,4649.576,4674.3066,4674.3066,4722.7964,4753.2637,4753.2637,4788.552,4864.1064
walk_forward,2023-09-12 13:25:00,2023-09-12 13:55:00,4679.5215,4703.0005,-23.479004,4739.0684,4589.542,4635.316,4649.399,4673.2876,4703.0005,4703.0005,4721.1636,4782.2085,4884.6606
walk_forward,2023-09-12 13:25:00,2023-09-12 14:00:00,4668.9956,4686.153,-17.157227,4706.445,4541.452,4620.2114,4620.2114,4683.998,4686.153,4698.6826,4742.999,4742.999,4924.9688
walk_forward,2023-09-12 13:25:00,2023-09-12 14:05:00,4658.469,4692.461,-33.9917,4684.202,4485.4526,4637.1777,4637.1777,4664.5127,4692.461,4755.2695,4761.9653,4761.9653,4937.2163
walk_forward,2023-09-12 13:25:00,2023-09-12 14:10:00,4647.9434,4676.9595,-29.016113,4657.808,4493.98,4598.3643,4598.3643,4627.067,4676.9595,4715.92,4733.684,4733.684,4892.148
walk_forward,2023-09-12 13:25:00,2023-09-12 14:15:00,4637.4175,4697.4473,-60.029785,4645.0522,4517.6,4621.2183,4648.661,4671.5825,4697.4473,4720.3696,4741.467,4819.1626,4967.747
walk_forward,2023-09-12 13:25:00,2023-09-12 14:20:00,4626.891,4667.621,-40.72998,4548.34,4512.6816,4569.5723,4614.6943,4614.6943,4667.621,4720.959,4720.959,4781.8457,4875.701
walk_forward,2023-09-12 13:25:00,2023-09-12 14:25:00,4616.365,4644.368,-28.00293,4707.831,4433.9805,4608.074,4621.9463,4621.9463,4644.368,4687.589,4687.589,4695.5044,4932.6836
walk_forward,2023-09-12 14:25:00,2023-09-12 14:30:00,4605.8394,4629.36,-23.520508,4633.738,4570.119,4570.119,4608.145,4627.02,4629.36,4629.36,4629.36,4634.8496,4691.5103
walk_forward,2023-09-12 14:25:00,2023-09-12 14:35:00,4595.313,4645.8447,-50.53174,4657.407,4525.6143,4567.6924,4567.6924,4611.2983,4645.8447,4646.1216,4650.9067,4650.9067,4731.6016
walk_forward,2023-09-12 14:25:00,2023-09-12 14:40:00,4584.787,4618.293,-33.50586,4654.13,4483.139,4553.9683,4553.9683,4611.1265,4618.293,4618.293,4618.293,4618.293,4735.12
walk_forward,2023-09-12 14:25:00,2023-09-12 14:45:00,4574.261,4594.954,-20.692871,4620.398,4453.461,4523.5215,4523.5215,4523.5215,4594.954,4651.884,4651.884,4651.884,4741.739
walk_forward,2023-09-12 14:25:00,2023-09-12 14:50:00,4563.735,4608.9863,-45.251465,4672.1426,4469.1904,4541.16,4562.8965,4562.8965,4608.9863,4646.1294,4646.1294,4668.745,4726.432
walk_forward,2023-09-12 14:25:00,2023-09-12 14:55:00,4553.209,4585.218,-32.00879,4632.7695,4484.295,4526.3594,4529.3535,4552.4214,4585.218,4586.7466,4598.1846,4653.447,4733.733
walk_forward,2023-09-12 14:25:00,2023-09-12 15:00:00,4542.683,4573.4395,-30.756348,4613.0493,4419.79,4499.088,4499.088,4563.121,4573.4395,4582.0166,4620.9766,4620.9766,4765.1665
walk_forward,2023-09-12 14:25:00,2023-09-12 15:05:00,4532.1567,4560.795,-28.638184,4571.3765,4328.9404,4490.2,4490.2,4525.0522,4560.795,4618.8745,4618.8745,4618.8745,4747.2397
walk_forward,2023-09-12 14:25:00,2023-09-12 15:10:00,4521.631,4556.7725,-35.1416,4539.315,4367.5,4469.7686,4469.7686,4498.703,4556.7725,4584.018,4605.275,4605.275,4722.8887
walk_forward,2023-09-12 14:25:00,2023-09-12 15:15:00,4511.1045,4577.2495,-66.14502,4551.672,4398.478,4493.9653,4515.8433,4545.058,4577.2495,4601.396,4614.988,4678.417,4799.737
walk_forward,2023-09-12 14:25:00,2023-09-12 15:20:00,4500.5786,4553.2236,-52.64502,4461.5527,4407.0293,4452.3125,4511.2676,4511.2676,4553.2236,4617.413,4617.413,4651.132,4719.5674
walk_forward,2023-09-12 14:25:00,2023-09-12 15:25:00,4490.0527,4518.482,-28.4292,4578.8955,4304.5513,4486.447,4499.0664,4499.0664,4518.482,4576.8457,4576.8457,4576.8457,4749.4814
walk_forward,2023-09-12 15:25:00,2023-09-12 15:30:00,4479.5264,4512.3486,-32.822266,4515.489,4453.773,4453.773,4492.038,4509.328,4512.3486,4512.3486,4512.3486,4527.4917,4584.3994
walk_forward,2023-09-12 15:25:00,2023-09-12 15:35:00,4469.0005,4525.7534,-56.75293,4521.5117,4402.9644,4447.2026,4447.2026,4493.322,4525.7534,4528.8193,4539.228,4539.228,4624.924
walk_forward,2023-09-12 15:25:00,2023-09-12 15:40:00,4458.4746,4501.14,-42.665527,4537.57,4371.0996,4438.2803,4438.2803,4490.9023,4501.14,4501.14,4501.14,4501.14,4642.212
walk_forward,2023-09-12 15:25:00,2023-09-12 15:45:00,4447.948,4471.4844,-23.536133,4475.8774,4333.9487,4402.051,4402.051,4402.051,4471.4844,4526.911,4526.911,4526.911,4640.796
walk_forward,2023-09-12 15:25:00,2023-09-12 15:50:00,4437.4224,4490.166,-52.743652,4564.824,4344.5923,4417.429,4442.1743,4442.1743,4490.166,4524.7573,4524.7573,4552.5747,4627.4756
walk_forward,2023-09-12 15:25:00,2023-09-12 15:55:00,4426.8965,4467.1616,-40.265137,4528.814,4361.8306,4410.4546,4413.115,4438.785,4467.1616,4467.1616,4483.555,4541.6357,4632.275
walk_forward,2023-09-12 15:25:00,2023-09-12 16:00:00,4416.37,4453.82,-37.449707,4490.681,4313.985,4375.5186,4375.5186,4444.5825,4453.82,4460.697,4502.889,4502.889,4664.8057
walk_forward,2023-09-12 15:25:00,2023-09-12 16:05:00,4405.844,4298.27,107.57422,4312.4624,4083.479,4224.4385,4224.4385,4263.4663,4298.27,4356.275,4356.275,4356.275,4506.4604
walk_forward,2023-09-12 15:25:00,2023-09-12 16:10:00,4395.3184,4201.4395,193.8789,4153.8154,4025.612,4112.0283,4112.0283,4144.618,4201.4395,4228.3564,4240.327,4240.327,4379.1143
walk_forward,2023-09-12 15:25:00,2023-09-12 16:15:00,4384.792,4416.9844,-32.192383,4371.917,4246.319,4329.4326,4353.2856,4389.3677,4416.9844,4440.0527,4445.592,4511.9175,4652.613
walk_forward,2023-09-12 15:25:00,2023-09-12 16:20:00,4374.266,4559.9746,-185.7085,4457.9946,4427.3306,4463.9575,4521.647,4521.647,4559.9746,4619.0664,4619.0664,4653.2646,4740.2866
walk_forward,2023-09-12 15:25:00,2023-09-12 16:25:00,4363.74,4287.331,76.40918,4332.7637,4090.5684,4250.4873,4274.398,4274.398,4287.331,4339.1016,4339.1016,4339.1016,4545.1816
walk_forward,2023-09-12 16:25:00,2023-09-12 16:30:00,646.85,4507.3223,-3860.4722,4592.544,3924.7761,4156.3833,4313.132,4413.106,4507.3223,4620.736,4810.8037,5063.8667,5447.2256
walk_forward,2023-09-12 16:25:00,2023-09-12 16:35:00,565.0975,4582.481,-4017.3835,4787.2603,3776.504,4086.876,4212.4966,4404.1226,4582.481,4740.855,5009.3203,5267.921,5793.4336
walk_forward,2023-09-12 16:25:00,2023-09-12 16:40:00,483.345,4805.522,-4322.177,5067.7495,3815.8809,4219.936,4411.822,4636.543,4805.522,5012.1997,5292.5728,5697.579,6325.515
walk_forward,2023-09-12 16:25:00,2023-09-12 16:45:00,401.5925,4044.8613,-3643.2688,4376.7646,2862.0981,3345.142,3610.7153,3776.4375,4044.8613,4338.2876,4569.509,5034.7817,5859.467
walk_forward,2023-09-12 16:25:00,2023-09-12 16:50:00,319.84,3964.1216,-3644.2815,4377.8086,2610.9907,3133.1958,3446.8516,3677.0454,3964.1216,4274.1924,4617.072,5113.1343,5923.895
walk_forward,2023-09-12 16:25:00,2023-09-12 16:55:00,1290.29,4283.579,-2993.289,4730.225,2886.5566,3406.4243,3763.3623,4006.418,4283.579,4609.084,4995.7407,5573.118,6462.617
walk_forward,2023-09-12 16:25:00,2023-09-12 17:00:00,2260.74,4478.716,-2217.9758,4999.595,2942.2524,3465.7808,3820.273,4183.1865,4478.716,4817.7437,5301.4043,5884.5376,6939.5474
walk_forward,2023-09-12 16:25:00,2023-09-12 17:05:00,3231.19,4274.379,-1043.189,4858.9536,2561.4038,3221.1924,3631.4888,3921.7764,4274.379,4690.1943,5098.061,5761.517,6868.823
walk_forward,2023-09-12 16:25:00,2023-09-12 17:10:00,4201.64,4230.156,-28.515625,4946.448,2429.609,3117.9575,3503.3774,3839.8809,4230.156,4638.276,5138.8955,5809.645,7020.351
walk_forward,2023-09-12 16:25:00,2023-09-12 17:15:00,5172.09,4219.2075,952.8823,4863.899,2341.6458,3057.0012,3458.6135,3833.493,4219.2075,4660.026,5190.2114,5865.4995,7165.35
walk_forward,2023-09-12 16:25:00,2023-09-12 17:20:00,6142.54,4375.8745,1766.6655,5034.0527,2464.3823,3148.9238,3648.2734,3974.482,4375.8745,4865.6846,5405.9307,6174.7573,7468.5317
walk_forward,2023-09-12 16:25:00,2023-09-12 17:25:00,5841.5166,4120.9907,1720.5259,4906.973,2172.818,2952.2073,3381.466,3731.068,4120.9907,4624.7065,5205.8486,5942.262,7379.6646
walk_forward,2023-09-12 17:25:00,2023-09-12 17:30:00,5540.493,5646.534,-106.041016,5562.382,3724.4143,4493.5283,4930.9023,5332.165,5646.534,5789.9727,6029.467,6359.7295,6973.1143
walk_forward,2023-09-12 17:25:00,2023-09-12 17:35:00,5239.47,6002.299,-762.8286,5990.95,3462.2046,4463.196,4987.3325,5624.611,6002.299,6261.674,6603.208,6947.458,7724.412
walk_forward,2023-09-12 17:25:00,2023-09-12 17:40:00,4938.447,6105.2812,-1166.8345,5938.1914,2955.4636,4161.7295,4910.258,5670.3145,6105.2812,6439.1016,6789.6895,7341.9893,8194.846
walk_forward,2023-09-12 17:25:00,2023-09-12 17:45:00,4637.4233,6460.2793,-1822.856,6431.3945,2685.0466,4220.594,5146.9106,5894.2905,6460.2793,6924.744,7271.9077,7891.8354,8989.132
walk_forward,2023-09-12 17:25:00,2023-09-12 17:50:00,4336.4,6244.242,-1907.8423,6028.5195,1895.5632,3684.6526,4649.918,5627.8174,6244.242,6768.2607,7279.328,7952.1025,9110.76
walk_forward,2023-09-12 17:25:00,2023-09-12 17:55:00,4717.099,6381.342,-1664.2427,5809.624,1702.0028,3596.0635,4732.8203,5675.792,6381.342,6998.045,7535.3047,8353.219,9618.135
walk_forward,2023-09-12 17:25:00,2023-09-12 18:00:00,5097.7983,6525.852,-1428.0537,6135.5024,1336.3062,3449.958,4608.665,5743.103,6525.852,7209.7925,7924.0728,8644.961,10110.326
walk_forward,2023-09-12 17:25:00,2023-09-12 18:05:00,5478.497,6502.176,-1023.6787,6055.7627,820.0292,3153.8193,4543.4746,5616.769,6502.176,7223.849,7859.592,8803.3545,10272.458
walk_forward,2023-09-12 17:25:00,2023-09-12 18:10:00,5859.1963,6634.801,-775.6045,6092.2373,755.0232,3168.0662,4570.8174,5642.3496,6634.801,7472.6562,8197.916,9105.476,10605.064
walk_forward,2023-09-12 17:25:00,2023-09-12 18:15:00,6239.8955,6794.0645,-554.16895,6015.7314,635.2776,3149.053,4578.2686,5792.7812,6794.0645,7642.5176,8480.341,9332.251,10902.8955
walk_forward,2023-09-12 17:25:00,2023-09-12 18:20:00,6620.5947,6786.9434,-166.34863,6181.9385,464.9099,2971.1843,4520.7285,5729.177,6786.9434,7836.9697,8641.173,9492.065,11053.396
walk_forward,2023-09-12 17:25:00,2023-09-12 18:25:00,7001.2935,6717.049,284.24463,6201.692,181.69818,2899.9263,4291.789,5596.421,6717.049,7757.575,8686.005,9421.996,11120.464
walk_forward,2023-09-12 18:25:00,2023-09-12 18:30:00,7381.9927,7201.486,180.50684,7095.341,5077.433,5980.166,6468.642,6834.3813,7201.486,7433.116,7713.591,8136.706,8872.614
walk_forward,2023-09-12 18:25:00,2023-09-12 18:35:00,7762.692,7465.75,296.9419,7402.3535,4557.732,5745.101,6374.252,7000.887,7465.75,7906.37,8313.33,8748.315,9736.913
walk_forward,2023-09-12 18:25:00,2023-09-12 18:40:00,8143.391,7638.9683,504.42285,7372.393,3959.7021,5400.6724,6291.954,7049.5405,7638.9683,8155.3257,8594.497,9339.638,10394.476
walk_forward,2023-09-12 18:25:00,2023-09-12 18:45:00,8524.09,7759.6196,764.4702,7678.4097,3350.0718,5178.989,6259.321,6984.4116,7759.6196,8446.995,8856.45,9688.323,11145.309
walk_forward,2023-09-12 18:25:00,2023-09-12 18:50:00,5003.22,7770.854,-2767.6338,7460.888,2643.606,4758.4297,5889.394,6941.4927,7770.854,8480.731,9120.965,9978.07,11474.219
walk_forward,2023-09-12 18:25:00,2023-09-12 18:55:00,5008.249,7733.3247,-2725.0757,7225.561,2254.6094,4460.8335,5846.4653,6823.6626,7733.3247,8597.374,9273.788,10309.34,11909.094
walk_forward,2023-09-12 18:25:00,2023-09-12 19:00:00,5013.278,7731.316,-2718.038,7321.3784,1637.9246,4114.3257,5493.93,6743.5386,7731.316,8628.697,9590.758,10526.627,12327.551
walk_forward,2023-09-12 18:25:00,2023-09-12 19:05:00,5018.3066,7609.0537,-2590.747,7112.1924,971.1641,3670.9062,5317.368,6536.072,7609.0537,8570.98,9412.079,10623.166,12489.851
walk_forward,2023-09-12 18:25:00,2023-09-12 19:10:00,5023.3354,7657.535,-2634.1997,7130.752,793.39343,3599.0044,5193.2373,6419.118,7657.535,8716.369,9660.957,10818.931,12658.586
walk_forward,2023-09-12 18:25:00,2023-09-12 19:15:00,5028.3647,7755.812,-2727.4473,6931.4775,589.4391,3497.1553,5171.4727,6554.025,7755.812,8837.347,9912.544,11000.033,12915.57
walk_forward,2023-09-12 18:25:00,2023-09-12 19:20:00,5033.3936,7782.974,-2749.5806,7096.695,475.64685,3347.6914,5132.825,6528.706,7782.974,9065.05,10116.713,11210.181,13076.185
walk_forward,2023-09-12 18:25:00,2023-09-12 19:25:00,5038.4224,7749.5527,-2711.1304,7198.4424,199.84003,3295.3704,4886.297,6389.2705,7749.5527,9027.0,10203.788,11149.505,13241.771
walk_forward,2023-09-12 19:25:00,2023-09-12 19:30:00,5043.451,5068.89,-25.438965,5095.571,4875.567,5044.995,5044.995,5044.995,5068.89,5068.89,5071.406,5153.801,5400.416
walk_forward,2023-09-12 19:25:00,2023-09-12 19:35:00,5048.48,5110.133,-61.652832,5156.789,4831.4985,5018.3403,5059.223,5099.678,5110.133,5119.312,5201.524,5315.718,5544.994
walk_forward,2023-09-12 19:25:00,2023-09-12 19:40:00,5053.5093,5072.793,-19.283691,5158.3965,4703.9707,4914.615,4997.3335,5004.6704,5072.793,5130.45,5147.2754,5337.4736,5672.663
walk_forward,2023-09-12 19:25:00,2023-09-12 19:45:00,5058.538,5054.3354,4.2026367,5197.101,4582.612,4842.6978,4963.152,4963.152,5054.3354,5146.1196,5194.9717,5395.0884,5827.4453
walk_forward,2023-09-12 19:25:00,2023-09-12 19:50:00,5063.567,5045.269,18.297852,5241.499,4384.5264,4743.8438,4869.3223,4946.1,5045.269,5133.0513,5264.01,5452.0874,5911.5977
walk_forward,2023-09-12 19:25:00,2023-09-12 19:55:00,5068.5957,5045.4263,23.169434,5134.0244,4360.9624,4718.8794,4920.976,4967.4414,5045.4263,5167.205,5241.9907,5576.825,6028.846
walk_forward,2023-09-12 19:25:00,2023-09-12 20:00:00,5073.6245,5005.899,67.725586,5114.3613,4161.167,4569.2603,4780.6816,4895.2046,5005.899,5126.3345,5356.2607,5617.349,6207.8115
walk_forward,2023-09-12 19:25:00,2023-09-12 20:05:00,5078.654,5004.1094,74.54443,5110.6104,4016.975,4521.6636,4792.6025,4896.6714,5004.1094,5152.637,5318.6143,5696.3594,6292.242
walk_forward,2023-09-12 19:25:00,2023-09-12 20:10:00,5083.6826,5061.7656,21.916992,5290.3203,3964.132,4588.575,4784.8438,4901.5117,5061.7656,5257.8555,5479.2324,5786.0605,6482.581
walk_forward,2023-09-12 19:25:00,2023-09-12 20:15:00,5088.7114,5132.9873,-44.27588,5137.2163,3948.148,4611.665,4805.322,4969.757,5132.9873,5327.1606,5594.7944,5879.0454,6641.775
walk_forward,2023-09-12 19:25:00,2023-09-12 20:20:00,5093.74,5159.0615,-65.32129,5336.6016,3930.5173,4564.547,4831.252,4999.2715,5159.0615,5408.3105,5690.536,5995.0645,6774.1885
walk_forward,2023-09-12 19:25:00,2023-09-12 20:25:00,5098.769,5156.472,-57.703125,5395.1885,3891.7324,4581.6543,4791.384,4979.322,5156.472,5427.3174,5723.5454,6016.241,6844.077
walk_forward,2023-09-12 20:25:00,2023-09-12 20:30:00,5103.7983,5128.127,-24.328613,5126.4683,5008.891,5080.541,5096.823,5116.3887,5128.127,5154.544,5158.2,5161.9917,5278.3413
walk_forward,2023-09-12 20:25:00,2023-09-12 20:35:00,5108.827,5117.0825,-8.255371,5137.568,4963.5806,5049.8022,5070.6997,5112.9824,5117.0825,5121.778,5178.471,5188.782,5266.746
walk_forward,2023-09-12 20:25:00,2023-09-12 20:40:00,5113.856,5143.0293,-29.17334,5132.6045,5017.254,5070.466,5097.748,5122.6797,5143.0293,5171.9863,5191.6455,5215.5977,5318.8096
walk_forward,2023-09-12 20:25:00,2023-09-12 20:45:00,5118.885,5091.324,27.560547,5139.0127,4959.3687,5020.3687,5047.9316,5069.3564,5091.324,5122.4004,5154.9043,5154.9043,5265.2217
walk_forward,2023-09-12 20:25:00,2023-09-12 20:50:00,5123.9136,5151.1753,-27.261719,5174.236,4979.0728,5063.831,5089.0283,5118.848,5151.1753,5158.464,5192.5376,5192.5376,5283.828
walk_forward,2023-09-12 20:25:00,2023-09-12 20:55:00,5128.943,5141.0605,-12.117676,5182.333,5010.105,5065.5435,5117.4897,5134.419,5141.0605,5160.9326,5160.9326,5201.9214,5250.652
walk_forward,2023-09-12 20:25:00,2023-09-12 21:00:00,5133.9717,5134.705,-0.73339844,5092.0425,4963.9907,5027.979,5088.5063,5098.874,5134.705,5141.999,5166.068,5179.5986,5292.311
walk_forward,2023-09-12 20:25:00,2023-09-12 21:05:00,5139.0005,5156.8203,-17.819824,5143.9365,4970.8467,5078.0435,5150.308,5150.308,5156.8203,5189.839,5189.839,5215.4385,5328.65
walk_forward,2023-09-12 20:25:00,2023-09-12 21:10:00,5144.0293,5157.688,-13.658691,5230.0044,4927.298,5086.096,5097.4243,5138.42,5157.688,5180.732,5196.0273,5196.0273,5323.53
walk_forward,2023-09-12 20:25:00,2023-09-12 21:15:00,5149.058,5155.7446,-6.6865234,5098.882,4922.1597,5062.1035,5095.344,5118.4893,5155.7446,5178.446,5207.564,5207.564,5339.254
walk_forward,2023-09-12 20:25:00,2023-09-12 21:20:00,5154.0874,5191.933,-37.845703,5148.393,4955.1753,5082.34,5133.166,5155.4395,5191.933,5202.0986,5240.856,5252.6284,5375.2026
walk_forward,2023-09-12 20:25:00,2023-09-12 21:25:00,5159.116,5156.269,2.847168,5163.8125,4943.0356,5068.6147,5101.725,5129.081,5156.269,5198.5,5199.4087,5209.8,5342.1475
walk_forward,2023-09-12 21:25:00,2023-09-12 21:30:00,5164.145,5171.099,-6.9541016,5181.1074,5113.2563,5141.2964,5164.189,5171.099,5171.099,5190.2266,5198.0464,5209.4307,5259.9854
walk_forward,2023-09-12 21:25:00,2023-09-12 21:35:00,5169.174,5180.8643,-11.69043,5202.1274,5096.035,5142.392,5148.3003,5174.511,5180.8643,5182.653,5221.914,5221.914,5253.3545
walk_forward,2023-09-12 21:25:00,2023-09-12 21:40:00,5174.2026,5191.6763,-17.473633,5190.952,5118.0635,5142.4185,5167.304,5184.889,5191.6763,5200.233,5217.6035,5231.2754,5272.0405
walk_forward,2023-09-12 21:25:00,2023-09-12 21:45:00,5179.232,5162.9604,16.271484,5217.5996,5066.2197,5119.5396,5138.632,5140.4893,5162.9604,5176.3486,5196.7075,5202.305,5228.1797
walk_forward,2023-09-12 21:25:00,2023-09-12 21:50:00,5184.2607,5199.45,-15.189453,5171.0195,5109.202,5161.828,5177.877,5184.458,5199.45,5206.259,5221.799,5226.413,5263.635
walk_forward,2023-09-12 21:25:00,2023-09-12 21:55:00,5189.2896,5203.0894,-13.799805,5209.295,5134.467,5171.001,5180.6777,5185.454,5203.0894,5209.587,5227.0054,5251.811,5263.9097
walk_forward,2023-09-12 21:25:00,2023-09-12 22:00:00,5194.3184,5199.459,-5.140625,5196.0176,5105.7676,5152.668,5152.799,5162.549,5199.459,5199.459,5215.963,5225.1533,5254.2266
walk_forward,2023-09-12 21:25:00,2023-09-12 22:05:00,5199.347,5207.279,-7.9316406,5229.75,5075.183,5166.0176,5192.0303,5195.368,5207.279,5227.3013,5235.2773,5249.878,5273.0996
walk_forward,2023-09-12 21:25:00,2023-09-12 22:10:00,5204.3765,5216.1406,-11.76416,5228.5254,5137.1494,5184.431,5184.431,5193.9185,5216.1406,5235.9546,5236.7134,5238.581,5271.9336
walk_forward,2023-09-12 21:25:00,2023-09-12 22:15:00,5209.4053,5217.9175,-8.512207,5212.189,5137.4536,5175.0947,5193.0083,5201.84,5217.9175,5235.5293,5248.7446,5266.7817,5284.052
walk_forward,2023-09-12 21:25:00,2023-09-12 22:20:00,5214.434,5225.9624,-11.52832,5220.7983,5171.017,5178.1006,5211.508,5211.508,5225.9624,5236.7227,5248.544,5283.584,5285.944
walk_forward,2023-09-12 21:25:00,2023-09-12 22:25:00,5219.463,5204.065,15.397949,5239.4175,5101.634,5162.8477,5179.572,5189.2275,5204.065,5227.7827,5234.365,5242.059,5262.233
